	Fisher	Chi2	Barnard	Boschloo	39A1-NO	39A2-NO	51A1-NO	54A1-NO	65A1-NO	cn107A1-NO	cn95A-NO	cn101C-NO	cn105C-NO	cn106C-NO	cn107C-NO	cn108C-NO	cn110C-NO	cn97C-NO	52M1-NO	55A1-YES	55A2-YES	61A1-YES	61A2-YES	62A1-YES	62A2-YES	62A3-YES	62A4-YES	cn112C-YES	cn93C-YES
ABCA8	1.7798712307779165	1.4639433620383868	2.095499579962093	1.8853617815717665																Missense	Missense,Missense			Missense					Missense,Splice site
DSG3	1.7798712307779165	1.4639433620383868	2.095499579962093	1.8853617815717665																Missense	Missense			Nonsense	Missense				
MAN2B2	1.7798712307779165	1.4639433620383868	2.095499579962093	1.8853617815717665																			Missense,Missense	Missense				Splice site	Missense
MAP3K6	1.7798712307779165	1.4639433620383868	2.095499579962093	1.8853617815717665																Missense			Frameshift indel		Missense	Missense			
SCN10A	1.7798712307779165	1.4639433620383868	2.095499579962093	1.8853617815717665																		Nonsense		Missense	Missense				Missense
THSD4	1.7798712307779165	1.4639433620383868	2.095499579962093	1.8853617815717665																Missense	Missense				Missense		Missense		
CELSR2	1.6948785824042663	1.437644899554317	1.8892178659473755	2.0391907225725623	Missense		Missense	Missense			Missense				Missense		Missense		Missense										
SDK2	1.6948785824042663	1.437644899554317	1.8892178659473755	2.0391907225725623	Missense	Missense		Frameshift indel				Missense	Missense				Missense		Missense										
ABCC8	1.6472456655033272	1.3496108670647364	1.6876376861663043	1.7205509545807187	Missense																Missense		Missense,Nonsense	Missense	Missense		Missense		
RELN	1.2942173935085055	1.1590256343649368	1.6683518150449217	1.6620497065757491	Missense	Nonsense	Missense	Missense							Missense				Missense										
CADPS	1.2825465899699673	0.9895737221664057	1.2978021439602938	1.3863768245587822																Missense						Splice site			Missense,Missense
CCDC136	1.2825465899699673	0.9895737221664057	1.2978021439602938	1.3863768245587822																Splice site			Missense		Missense,Splice site				
CFAP91	1.2825465899699673	0.9895737221664057	1.2978021439602938	1.3863768245587822																	Missense	Missense	Nonsense						
CLIC6	1.2825465899699673	0.9895737221664057	1.2978021439602938	1.3863768245587822																Missense	Missense			Missense					
CRIM1	1.2825465899699673	0.9895737221664057	1.2978021439602938	1.3863768245587822																Missense,Splice site				Missense,Missense	Missense				
CRYL1	1.2825465899699673	0.9895737221664057	1.2978021439602938	1.3863768245587822																Nonsense			Missense						Missense
DEPDC5	1.2825465899699673	0.9895737221664057	1.2978021439602938	1.3863768245587822																Missense	Nonsense								Missense
DNAJC13	1.2825465899699673	0.9895737221664057	1.2978021439602938	1.3863768245587822																Missense	Missense,Missense						Nonsense		
DUS2	1.2825465899699673	0.9895737221664057	1.2978021439602938	1.3863768245587822																	Missense		Missense		Missense				
FBXW9	1.2825465899699673	0.9895737221664057	1.2978021439602938	1.3863768245587822																Missense	Missense	Missense							
IL17B	1.2825465899699673	0.9895737221664057	1.2978021439602938	1.3863768245587822																Missense					Missense		Missense		
MGAT5B	1.2825465899699673	0.9895737221664057	1.2978021439602938	1.3863768245587822																	Missense		Missense,Missense		Missense				
MUC1	1.2825465899699673	0.9895737221664057	1.2978021439602938	1.3863768245587822																Nonsense				Missense				Frameshift indel,Frameshift indel	
NFX1	1.2825465899699673	0.9895737221664057	1.2978021439602938	1.3863768245587822																Missense		Missense							Missense
NPRL3	1.2825465899699673	0.9895737221664057	1.2978021439602938	1.3863768245587822																		Missense	Missense						Missense
POLR1B	1.2825465899699673	0.9895737221664057	1.2978021439602938	1.3863768245587822																		Nonsense		Missense	Missense				
PRKCD	1.2825465899699673	0.9895737221664057	1.2978021439602938	1.3863768245587822																Missense	Missense		Missense						
PTPRM	1.2825465899699673	0.9895737221664057	1.2978021439602938	1.3863768245587822																	Nonsense	Missense	Missense						
REPS1	1.2825465899699673	0.9895737221664057	1.2978021439602938	1.3863768245587822																Nonsense	Nonsense						Missense		
SOBP	1.2825465899699673	0.9895737221664057	1.2978021439602938	1.3863768245587822																Missense,Missense	Missense						Missense		
SUN1	1.2825465899699673	0.9895737221664057	1.2978021439602938	1.3863768245587822																Missense		Missense						Missense	
TMEM117	1.2825465899699673	0.9895737221664057	1.2978021439602938	1.3863768245587822																			Missense	Missense					Missense
WASHC4	1.2825465899699673	0.9895737221664057	1.2978021439602938	1.3863768245587822																			Missense	Missense,Missense	Missense				
WWC1	1.2825465899699673	0.9895737221664057	1.2978021439602938	1.3863768245587822																Missense		Missense							Missense
ZSCAN20	1.2825465899699673	0.9895737221664057	1.2978021439602938	1.3863768245587822																Missense				Missense	Missense,Missense				
ALMS1	1.2127888230055277	0.9003662271143626	1.0453398394180873	1.3552582382055136		Missense		Nonsense					Missense		Missense	Missense													
ATP8B2	1.2127888230055277	0.9003662271143626	1.0453398394180873	1.3552582382055136			Missense	Missense			Missense		In frame indel						Missense										
CEP128	1.2127888230055277	0.9003662271143626	1.0453398394180873	1.3552582382055136	Nonsense					Frameshift indel		Missense	Missense		Missense														
CNTNAP2	1.2127888230055277	0.9003662271143626	1.0453398394180873	1.3552582382055136	Missense			Missense			Missense			Missense					Missense										
MGAT4B	1.2127888230055277	0.9003662271143626	1.0453398394180873	1.3552582382055136	Missense		Missense		Missense							Missense			Missense										
PPRC1	1.2127888230055277	0.9003662271143626	1.0453398394180873	1.3552582382055136	Missense		Missense	Missense		Missense								Missense											
RAD54L2	1.2127888230055277	0.9003662271143626	1.0453398394180873	1.3552582382055136	Missense,Missense	Missense		Missense				Missense	Missense																
SPEG	1.2127888230055277	0.9003662271143626	1.0453398394180873	1.3552582382055136	Missense	Missense		Missense				Nonsense				Missense													
TRIO	1.2127888230055277	0.9003662271143626	1.0453398394180873	1.3552582382055136	Missense,Missense			Missense		Missense							Nonsense		Missense										
VAV1	1.2127888230055277	0.9003662271143626	1.0453398394180873	1.3552582382055136	Missense			Missense					Missense		Missense	Missense													
