	Fisher	Chi2	Barnard	Boschloo	39P1-NO	51P1-NO	52P1-NO	54P1-NO	65P1-NO	cn101P-NO	cn105P-NO	cn106P-NO	cn107P-NO	cn108P-NO	cn110P-NO	cn95P-NO	cn97P-NO	55P1-YES	61P1-YES	62P1-YES	cn112P-YES	cn93P-YES
STON1	1.911690158753861	1.7304186504225156	2.1515870507888266	2.131308333152013															Missense	Missense		In frame indel,In frame indel
NEB	1.4443287413233545	1.166405385192949	1.7186093709860288	1.6313710070007412		Missense,Missense	Missense,Missense	Missense		Nonsense	Missense	Missense			Missense		Missense					
CACNA2D2	1.3553876579865742	1.1037886188322783	1.699274732820991	1.3886486155905702		Missense													Frameshift indel		Missense	Frameshift indel
AADAC	1.1846914308175984	0.9439462362503613	1.3407836734814491	1.2933696606655267															In frame indel			Missense
ADCY4	1.1846914308175984	0.9439462362503613	1.3407836734814491	1.2933696606655267														Missense	Splice site			
ADGRA2	1.1846914308175984	0.9439462362503613	1.3407836734814491	1.2933696606655267														Missense			Missense	
AGO3	1.1846914308175984	0.9439462362503613	1.3407836734814491	1.2933696606655267																Missense		Missense
AMMECR1L	1.1846914308175984	0.9439462362503613	1.3407836734814491	1.2933696606655267															Missense			Missense
ATP7B	1.1846914308175984	0.9439462362503613	1.3407836734814491	1.2933696606655267														Frameshift indel				Missense
BAIAP2L1	1.1846914308175984	0.9439462362503613	1.3407836734814491	1.2933696606655267															Missense			Missense
BAZ2B	1.1846914308175984	0.9439462362503613	1.3407836734814491	1.2933696606655267																	Missense	Missense,Missense
CA9	1.1846914308175984	0.9439462362503613	1.3407836734814491	1.2933696606655267														Missense	Missense			
CCDC185	1.1846914308175984	0.9439462362503613	1.3407836734814491	1.2933696606655267														Frameshift indel				Missense
CFAP61	1.1846914308175984	0.9439462362503613	1.3407836734814491	1.2933696606655267																Missense		Nonsense
CRTC1	1.1846914308175984	0.9439462362503613	1.3407836734814491	1.2933696606655267																Missense		Missense
CYP3A5	1.1846914308175984	0.9439462362503613	1.3407836734814491	1.2933696606655267															Missense			Missense
DGKH	1.1846914308175984	0.9439462362503613	1.3407836734814491	1.2933696606655267																Missense		Missense
ESCO2	1.1846914308175984	0.9439462362503613	1.3407836734814491	1.2933696606655267														Missense	In frame indel			
FSIP1	1.1846914308175984	0.9439462362503613	1.3407836734814491	1.2933696606655267															Missense	Missense,Nonsense		
GATA3	1.1846914308175984	0.9439462362503613	1.3407836734814491	1.2933696606655267															Missense		Missense	
GJA9	1.1846914308175984	0.9439462362503613	1.3407836734814491	1.2933696606655267														Missense	Missense			
GPR139	1.1846914308175984	0.9439462362503613	1.3407836734814491	1.2933696606655267														Missense,Missense			Missense	
INPP5A	1.1846914308175984	0.9439462362503613	1.3407836734814491	1.2933696606655267																	Missense	Missense
KIF15	1.1846914308175984	0.9439462362503613	1.3407836734814491	1.2933696606655267														Missense				Missense
MTF2	1.1846914308175984	0.9439462362503613	1.3407836734814491	1.2933696606655267																Missense		Missense
MYH8	1.1846914308175984	0.9439462362503613	1.3407836734814491	1.2933696606655267															Missense			Splice site
NCOR1	1.1846914308175984	0.9439462362503613	1.3407836734814491	1.2933696606655267														Missense		Missense		
NPTN	1.1846914308175984	0.9439462362503613	1.3407836734814491	1.2933696606655267															Nonsense	Missense		
PAK6	1.1846914308175984	0.9439462362503613	1.3407836734814491	1.2933696606655267														Missense		Missense		
PCNT	1.1846914308175984	0.9439462362503613	1.3407836734814491	1.2933696606655267																Missense,Missense		Missense
PI16	1.1846914308175984	0.9439462362503613	1.3407836734814491	1.2933696606655267															Missense			Missense
PINX1	1.1846914308175984	0.9439462362503613	1.3407836734814491	1.2933696606655267														Missense				Missense
PPM1B	1.1846914308175984	0.9439462362503613	1.3407836734814491	1.2933696606655267																Missense		Missense
PRKCQ	1.1846914308175984	0.9439462362503613	1.3407836734814491	1.2933696606655267															Missense	Missense		
R3HDM1	1.1846914308175984	0.9439462362503613	1.3407836734814491	1.2933696606655267														Missense				Missense,Missense
SEMA3F	1.1846914308175984	0.9439462362503613	1.3407836734814491	1.2933696606655267														Missense		Missense		
SH3RF1	1.1846914308175984	0.9439462362503613	1.3407836734814491	1.2933696606655267														Nonsense				Missense
SIN3B	1.1846914308175984	0.9439462362503613	1.3407836734814491	1.2933696606655267														Missense		Missense		
SLC15A2	1.1846914308175984	0.9439462362503613	1.3407836734814491	1.2933696606655267																Missense		Missense
SLC5A11	1.1846914308175984	0.9439462362503613	1.3407836734814491	1.2933696606655267															Missense	Missense		
SLC7A4	1.1846914308175984	0.9439462362503613	1.3407836734814491	1.2933696606655267															Missense			Missense
SMUG1	1.1846914308175984	0.9439462362503613	1.3407836734814491	1.2933696606655267															Nonsense			Missense
SRP72	1.1846914308175984	0.9439462362503613	1.3407836734814491	1.2933696606655267																Missense	Missense	
STK24	1.1846914308175984	0.9439462362503613	1.3407836734814491	1.2933696606655267														Missense				Missense
TTLL12	1.1846914308175984	0.9439462362503613	1.3407836734814491	1.2933696606655267														Missense				Missense
ZNF236	1.1846914308175984	0.9439462362503613	1.3407836734814491	1.2933696606655267															Missense			Missense
