	Fisher	Chi2	Barnard	Boschloo	cn93C-Never	cn93P-Never	39A1-Ever	39A2-Ever	51A1-Ever	54A1-Ever	55A1-Ever	55A2-Ever	61A1-Ever	61A2-Ever	62A1-Ever	62A2-Ever	62A3-Ever	62A4-Ever	65A1-Ever	cn107A1-Ever	cn95A-Ever	cn101C-Ever	cn105C-Ever	cn106C-Ever	cn107C-Ever	cn108C-Ever	cn110C-Ever	cn112C-Ever	cn97C-Ever	52M1-Ever	39P1-Ever	51P1-Ever	52P1-Ever	54P1-Ever	55P1-Ever	61P1-Ever	62P1-Ever	65P1-Ever	cn101P-Ever	cn105P-Ever	cn106P-Ever	cn107P-Ever	cn108P-Ever	cn110P-Ever	cn112P-Ever	cn95P-Ever	cn97P-Ever
CREBRF	2.955687750313506	5.882465194029419	3.512945473085113	3.2119154774211323	Missense	Missense																																									
FOXP1	2.955687750313506	5.882465194029419	3.512945473085113	3.2119154774211323	Missense	Missense																																									
MAJIN	2.955687750313506	5.882465194029419	3.512945473085113	3.2119154774211323	Splice site	Missense																																									
NFS1	2.955687750313506	5.882465194029419	3.512945473085113	3.2119154774211323	Missense	Nonsense																																									
TRIM13	2.955687750313506	5.882465194029419	3.512945473085113	3.2119154774211323	Missense	Missense																																									
MACC1	2.478566495593843	3.9581788926850314	3.014769214983543	2.677342737287916	Missense	Missense							Missense																																		
SVOPL	2.478566495593843	3.9581788926850314	3.014769214983543	2.677342737287916	Missense	Missense					Missense																																				
ZFYVE26	2.478566495593843	3.9581788926850314	3.014769214983543	2.677342737287916	Nonsense	Missense																																	Missense								
ANKIB1	2.177536499929862	2.9772657108136644	2.691831375250162	2.3018733062522387	Missense	Missense,Splice site																								Missense																	Missense
FAM120A	2.177536499929862	2.9772657108136644	2.691831375250162	2.3018733062522387	Missense,Nonsense	Missense						Missense																			Missense																
MYBPC3	2.177536499929862	2.9772657108136644	2.691831375250162	2.3018733062522387	Missense	Missense														Frameshift indel													Missense														
SFXN5	2.177536499929862	2.9772657108136644	2.691831375250162	2.3018733062522387	Splice site	Missense																											Missense	Missense													
ASCC3	1.9556877503135048	2.3773440196625963	2.4470908025934035	2.0873140449942764	Missense	Missense														Missense						Splice site						Missense															
CAMTA1	1.9556877503135048	2.3773440196625963	2.4470908025934035	2.0873140449942764	Missense	Missense					Missense				Missense															Missense																	
CYLD	1.9556877503135048	2.3773440196625963	2.4470908025934035	2.0873140449942764	Missense	Missense									Missense	Frameshift indel,Missense			Missense																												
EPG5	1.9556877503135048	2.3773440196625963	2.4470908025934035	2.0873140449942764	Missense	Missense				Missense																													Missense	Missense							
OR6B2	1.9556877503135048	2.3773440196625963	2.4470908025934035	2.0873140449942764	Missense	Frameshift indel							TSS										Missense																	Missense							
SF3B1	1.9556877503135048	2.3773440196625963	2.4470908025934035	2.0873140449942764	Missense	Missense															Missense											Missense													Missense		
TRAF2	1.9556877503135048	2.3773440196625963	2.4470908025934035	2.0873140449942764	Missense	Missense						Missense																			Missense	Missense															
ZNF845	1.9556877503135048	2.3773440196625963	2.4470908025934035	2.0873140449942764	Missense	Missense			Missense		Missense																				In frame indel																
ARHGEF17	1.779596491257824	1.9696673988314983	2.2469447314777025	1.8509817404868536	Missense	Missense			Missense		Missense																				Splice site			Missense													
ARHGEF33	1.779596491257824	1.9696673988314983	2.2469447314777025	1.8509817404868536	Missense	Frameshift indel	Missense																							Frameshift indel		Missense			Missense												
KIF15	1.779596491257824	1.9696673988314983	2.2469447314777025	1.8509817404868536	Missense	Missense	Missense			Nonsense	Missense,Splice site																								Missense												
PHIP	1.779596491257824	1.9696673988314983	2.2469447314777025	1.8509817404868536	Missense	Splice site								Frameshift indel,Nonsense																	Nonsense	Missense								Missense							
RALGDS	1.779596491257824	1.9696673988314983	2.2469447314777025	1.8509817404868536	Missense	Missense	Missense																			Missense				Missense	Missense																
REV3L	1.779596491257824	1.9696673988314983	2.2469447314777025	1.8509817404868536	Missense	Missense					Missense									Missense	Missense		Missense																								
SUPT16H	1.779596491257824	1.9696673988314983	2.2469447314777025	1.8509817404868536	Nonsense	Missense,Missense						Missense																							In frame indel	Missense,Splice site											Missense
CHD1	1.6334684555795858	1.6728101446932175	2.0789043913525957	1.7108489284327502	Missense	Splice site	In frame indel		Missense	In frame indel			Nonsense					Missense																													
DMXL1	1.5085297189712863	1.4457962103081545	1.9293429284590589	1.540312177610121	Missense	Missense			Missense	Missense			Missense,Missense	Missense											Missense											Missense											
GNPTAB	1.5085297189712863	1.4457962103081545	1.9293429284590589	1.540312177610121	Nonsense	Missense					Frameshift indel		Missense											Frameshift indel,Missense	Missense								Nonsense	In frame indel													
ARAP2	1.3993852495462165	1.265715831036371	1.8908171412598014	1.433115123404982	Missense	Missense					Missense		Missense																	Missense	Frameshift indel	Frameshift indel	Nonsense	Missense													
KDM5C	1.3993852495462165	1.265715831036371	1.8908171412598014	1.433115123404982	Missense	Missense	Frameshift indel				Nonsense	Frameshift indel								Missense										Missense	Missense,Missense					Missense											
AADACL3	1.332438459915606	1.5325530737383333	1.7021213798741914	1.4010913842102104		Missense																																									
ABAT	1.332438459915606	1.5325530737383333	1.7021213798741914	1.4010913842102104		Missense																																									
ABRAXAS2	1.332438459915606	1.5325530737383333	1.7021213798741914	1.4010913842102104		Missense																																									
ACP2	1.332438459915606	1.5325530737383333	1.7021213798741914	1.4010913842102104		Missense																																									
ACTR10	1.332438459915606	1.5325530737383333	1.7021213798741914	1.4010913842102104	Missense																																										
ACTR5	1.332438459915606	1.5325530737383333	1.7021213798741914	1.4010913842102104		Nonsense																																									
ACVR1B	1.332438459915606	1.5325530737383333	1.7021213798741914	1.4010913842102104		Missense																																									
AHCY	1.332438459915606	1.5325530737383333	1.7021213798741914	1.4010913842102104		Missense																																									
ALG1	1.332438459915606	1.5325530737383333	1.7021213798741914	1.4010913842102104	Missense																																										
AMY2B	1.332438459915606	1.5325530737383333	1.7021213798741914	1.4010913842102104		Missense																																									
ANGPTL6	1.332438459915606	1.5325530737383333	1.7021213798741914	1.4010913842102104	Missense																																										
ANXA7	1.332438459915606	1.5325530737383333	1.7021213798741914	1.4010913842102104	Missense																																										
API5	1.332438459915606	1.5325530737383333	1.7021213798741914	1.4010913842102104		Missense																																									
ARHGAP30	1.332438459915606	1.5325530737383333	1.7021213798741914	1.4010913842102104	Splice site																																										
ATE1	1.332438459915606	1.5325530737383333	1.7021213798741914	1.4010913842102104		Nonsense																																									
ATP6V0B	1.332438459915606	1.5325530737383333	1.7021213798741914	1.4010913842102104		Missense																																									
ATP6V1FNB	1.332438459915606	1.5325530737383333	1.7021213798741914	1.4010913842102104	Missense																																										
B3GALT2	1.332438459915606	1.5325530737383333	1.7021213798741914	1.4010913842102104		Missense																																									
BANF1	1.332438459915606	1.5325530737383333	1.7021213798741914	1.4010913842102104		Missense																																									
BCL2L11	1.332438459915606	1.5325530737383333	1.7021213798741914	1.4010913842102104		Nonsense																																									
BCL2L13	1.332438459915606	1.5325530737383333	1.7021213798741914	1.4010913842102104		Nonsense																																									
C14orf119	1.332438459915606	1.5325530737383333	1.7021213798741914	1.4010913842102104		Missense																																									
C1QTNF7	1.332438459915606	1.5325530737383333	1.7021213798741914	1.4010913842102104		Missense																																									
C1orf105	1.332438459915606	1.5325530737383333	1.7021213798741914	1.4010913842102104		Missense																																									
C1orf50	1.332438459915606	1.5325530737383333	1.7021213798741914	1.4010913842102104		Missense																																									
C4orf47	1.332438459915606	1.5325530737383333	1.7021213798741914	1.4010913842102104	Frameshift indel																																										
C9orf43	1.332438459915606	1.5325530737383333	1.7021213798741914	1.4010913842102104		Nonsense																																									
C9orf64	1.332438459915606	1.5325530737383333	1.7021213798741914	1.4010913842102104	Missense																																										
CAMK2G	1.332438459915606	1.5325530737383333	1.7021213798741914	1.4010913842102104	Missense																																										
CBWD1	1.332438459915606	1.5325530737383333	1.7021213798741914	1.4010913842102104	Missense																																										
CCDC173	1.332438459915606	1.5325530737383333	1.7021213798741914	1.4010913842102104	Missense																																										
CCR9	1.332438459915606	1.5325530737383333	1.7021213798741914	1.4010913842102104		Missense																																									
CD207	1.332438459915606	1.5325530737383333	1.7021213798741914	1.4010913842102104	Missense																																										
CD2BP2	1.332438459915606	1.5325530737383333	1.7021213798741914	1.4010913842102104	Missense																																										
CD44	1.332438459915606	1.5325530737383333	1.7021213798741914	1.4010913842102104		Missense																																									
CD63	1.332438459915606	1.5325530737383333	1.7021213798741914	1.4010913842102104		Nonsense																																									
CELF6	1.332438459915606	1.5325530737383333	1.7021213798741914	1.4010913842102104		Missense																																									
CERS6	1.332438459915606	1.5325530737383333	1.7021213798741914	1.4010913842102104	Missense																																										
CHRNA5	1.332438459915606	1.5325530737383333	1.7021213798741914	1.4010913842102104	Missense																																										
CHST2	1.332438459915606	1.5325530737383333	1.7021213798741914	1.4010913842102104	Missense																																										
CHST4	1.332438459915606	1.5325530737383333	1.7021213798741914	1.4010913842102104		Missense																																									
COLCA2	1.332438459915606	1.5325530737383333	1.7021213798741914	1.4010913842102104	Nonsense																																										
CRYL1	1.332438459915606	1.5325530737383333	1.7021213798741914	1.4010913842102104	Missense																																										
CSNK1D	1.332438459915606	1.5325530737383333	1.7021213798741914	1.4010913842102104		Missense																																									
CSTF1	1.332438459915606	1.5325530737383333	1.7021213798741914	1.4010913842102104		Missense																																									
DCAF10	1.332438459915606	1.5325530737383333	1.7021213798741914	1.4010913842102104		Missense																																									
DDX47	1.332438459915606	1.5325530737383333	1.7021213798741914	1.4010913842102104	Nonsense																																										
DEAF1	1.332438459915606	1.5325530737383333	1.7021213798741914	1.4010913842102104	Missense																																										
DEGS2	1.332438459915606	1.5325530737383333	1.7021213798741914	1.4010913842102104		Missense																																									
DEPTOR	1.332438459915606	1.5325530737383333	1.7021213798741914	1.4010913842102104	Missense																																										
DNAJC7	1.332438459915606	1.5325530737383333	1.7021213798741914	1.4010913842102104		Missense																																									
DOK3	1.332438459915606	1.5325530737383333	1.7021213798741914	1.4010913842102104	Missense																																										
DPY19L1	1.332438459915606	1.5325530737383333	1.7021213798741914	1.4010913842102104		Missense																																									
DUSP16	1.332438459915606	1.5325530737383333	1.7021213798741914	1.4010913842102104		Missense																																									
EFCAB1	1.332438459915606	1.5325530737383333	1.7021213798741914	1.4010913842102104		Missense																																									
EGF	1.332438459915606	1.5325530737383333	1.7021213798741914	1.4010913842102104		Nonsense																																									
EIF3J	1.332438459915606	1.5325530737383333	1.7021213798741914	1.4010913842102104		Missense																																									
ELK3	1.332438459915606	1.5325530737383333	1.7021213798741914	1.4010913842102104	Nonsense																																										
ERAL1	1.332438459915606	1.5325530737383333	1.7021213798741914	1.4010913842102104	Missense																																										
ERCC8	1.332438459915606	1.5325530737383333	1.7021213798741914	1.4010913842102104	In frame indel																																										
F2RL1	1.332438459915606	1.5325530737383333	1.7021213798741914	1.4010913842102104	Missense																																										
FABP12	1.332438459915606	1.5325530737383333	1.7021213798741914	1.4010913842102104	Missense																																										
FAM200A	1.332438459915606	1.5325530737383333	1.7021213798741914	1.4010913842102104	Missense																																										
FAM241B	1.332438459915606	1.5325530737383333	1.7021213798741914	1.4010913842102104		Missense																																									
FAS	1.332438459915606	1.5325530737383333	1.7021213798741914	1.4010913842102104		Missense																																									
FCHO2	1.332438459915606	1.5325530737383333	1.7021213798741914	1.4010913842102104	Missense																																										
FGF7	1.332438459915606	1.5325530737383333	1.7021213798741914	1.4010913842102104		Missense																																									
FILIP1	1.332438459915606	1.5325530737383333	1.7021213798741914	1.4010913842102104	Missense																																										
FOSL1	1.332438459915606	1.5325530737383333	1.7021213798741914	1.4010913842102104	Missense																																										
FOXE1	1.332438459915606	1.5325530737383333	1.7021213798741914	1.4010913842102104	Frameshift indel,Missense																																										
FOXH1	1.332438459915606	1.5325530737383333	1.7021213798741914	1.4010913842102104		Missense																																									
FPGS	1.332438459915606	1.5325530737383333	1.7021213798741914	1.4010913842102104	Nonsense																																										
GJB5	1.332438459915606	1.5325530737383333	1.7021213798741914	1.4010913842102104		Missense																																									
GLB1L3	1.332438459915606	1.5325530737383333	1.7021213798741914	1.4010913842102104		Missense																																									
GMNN	1.332438459915606	1.5325530737383333	1.7021213798741914	1.4010913842102104		Nonsense																																									
GNS	1.332438459915606	1.5325530737383333	1.7021213798741914	1.4010913842102104	Missense																																										
GPM6B	1.332438459915606	1.5325530737383333	1.7021213798741914	1.4010913842102104	Missense																																										
GPR1	1.332438459915606	1.5325530737383333	1.7021213798741914	1.4010913842102104		Missense																																									
GPR15	1.332438459915606	1.5325530737383333	1.7021213798741914	1.4010913842102104		Missense																																									
GPR89B	1.332438459915606	1.5325530737383333	1.7021213798741914	1.4010913842102104		Nonsense																																									
GREM2	1.332438459915606	1.5325530737383333	1.7021213798741914	1.4010913842102104	Missense																																										
GRTP1	1.332438459915606	1.5325530737383333	1.7021213798741914	1.4010913842102104	Missense																																										
GTF2H1	1.332438459915606	1.5325530737383333	1.7021213798741914	1.4010913842102104		Missense																																									
H2BC7	1.332438459915606	1.5325530737383333	1.7021213798741914	1.4010913842102104	Missense																																										
H3-5	1.332438459915606	1.5325530737383333	1.7021213798741914	1.4010913842102104		Missense																																									
HDX	1.332438459915606	1.5325530737383333	1.7021213798741914	1.4010913842102104		Splice site																																									
HERC3	1.332438459915606	1.5325530737383333	1.7021213798741914	1.4010913842102104	Nonsense																																										
HJV	1.332438459915606	1.5325530737383333	1.7021213798741914	1.4010913842102104		Frameshift indel																																									
HMGA2	1.332438459915606	1.5325530737383333	1.7021213798741914	1.4010913842102104		Missense																																									
HNMT	1.332438459915606	1.5325530737383333	1.7021213798741914	1.4010913842102104	Missense																																										
HNRNPF	1.332438459915606	1.5325530737383333	1.7021213798741914	1.4010913842102104	Missense																																										
IGF2BP3	1.332438459915606	1.5325530737383333	1.7021213798741914	1.4010913842102104	Nonsense																																										
IL1R1	1.332438459915606	1.5325530737383333	1.7021213798741914	1.4010913842102104		Missense																																									
IL2RA	1.332438459915606	1.5325530737383333	1.7021213798741914	1.4010913842102104	Missense																																										
IL9	1.332438459915606	1.5325530737383333	1.7021213798741914	1.4010913842102104		Frameshift indel																																									
INMT	1.332438459915606	1.5325530737383333	1.7021213798741914	1.4010913842102104		Missense																																									
IQCE	1.332438459915606	1.5325530737383333	1.7021213798741914	1.4010913842102104	Missense																																										
JADE2	1.332438459915606	1.5325530737383333	1.7021213798741914	1.4010913842102104	Missense																																										
KATNB1	1.332438459915606	1.5325530737383333	1.7021213798741914	1.4010913842102104	Missense																																										
KCNA2	1.332438459915606	1.5325530737383333	1.7021213798741914	1.4010913842102104	Missense																																										
KCNE1	1.332438459915606	1.5325530737383333	1.7021213798741914	1.4010913842102104		Missense																																									
KCNK1	1.332438459915606	1.5325530737383333	1.7021213798741914	1.4010913842102104		Missense																																									
KCNK9	1.332438459915606	1.5325530737383333	1.7021213798741914	1.4010913842102104		Missense																																									
KLHL12	1.332438459915606	1.5325530737383333	1.7021213798741914	1.4010913842102104		Frameshift indel																																									
KPNA2	1.332438459915606	1.5325530737383333	1.7021213798741914	1.4010913842102104	Missense																																										
KRTAP10-8	1.332438459915606	1.5325530737383333	1.7021213798741914	1.4010913842102104		Missense																																									
LAMTOR5	1.332438459915606	1.5325530737383333	1.7021213798741914	1.4010913842102104		Missense																																									
LRRC14	1.332438459915606	1.5325530737383333	1.7021213798741914	1.4010913842102104	Missense																																										
LRRC18	1.332438459915606	1.5325530737383333	1.7021213798741914	1.4010913842102104		Missense																																									
LRRC32	1.332438459915606	1.5325530737383333	1.7021213798741914	1.4010913842102104	Missense																																										
LRRC42	1.332438459915606	1.5325530737383333	1.7021213798741914	1.4010913842102104		Missense																																									
LYG2	1.332438459915606	1.5325530737383333	1.7021213798741914	1.4010913842102104	Missense																																										
MALT1	1.332438459915606	1.5325530737383333	1.7021213798741914	1.4010913842102104	Missense																																										
MCM2	1.332438459915606	1.5325530737383333	1.7021213798741914	1.4010913842102104		Missense																																									
MIIP	1.332438459915606	1.5325530737383333	1.7021213798741914	1.4010913842102104	Missense																																										
MPHOSPH10	1.332438459915606	1.5325530737383333	1.7021213798741914	1.4010913842102104		Missense																																									
MPPE1	1.332438459915606	1.5325530737383333	1.7021213798741914	1.4010913842102104		Missense																																									
MSL3	1.332438459915606	1.5325530737383333	1.7021213798741914	1.4010913842102104	Missense																																										
MTFMT	1.332438459915606	1.5325530737383333	1.7021213798741914	1.4010913842102104		Nonsense																																									
MTFR1	1.332438459915606	1.5325530737383333	1.7021213798741914	1.4010913842102104		Missense																																									
MYCT1	1.332438459915606	1.5325530737383333	1.7021213798741914	1.4010913842102104		Nonsense																																									
N4BP3	1.332438459915606	1.5325530737383333	1.7021213798741914	1.4010913842102104		Missense																																									
NDUFB11	1.332438459915606	1.5325530737383333	1.7021213798741914	1.4010913842102104	Missense																																										
NEDD4L	1.332438459915606	1.5325530737383333	1.7021213798741914	1.4010913842102104		Missense,Missense																																									
NFATC2IP	1.332438459915606	1.5325530737383333	1.7021213798741914	1.4010913842102104		Missense																																									
NHLRC2	1.332438459915606	1.5325530737383333	1.7021213798741914	1.4010913842102104	Missense																																										
NPIPB15	1.332438459915606	1.5325530737383333	1.7021213798741914	1.4010913842102104	Missense																																										
NTM	1.332438459915606	1.5325530737383333	1.7021213798741914	1.4010913842102104	Missense																																										
NUDT12	1.332438459915606	1.5325530737383333	1.7021213798741914	1.4010913842102104	Missense																																										
OR5D18	1.332438459915606	1.5325530737383333	1.7021213798741914	1.4010913842102104	Missense																																										
OR8D4	1.332438459915606	1.5325530737383333	1.7021213798741914	1.4010913842102104		Missense																																									
ORC6	1.332438459915606	1.5325530737383333	1.7021213798741914	1.4010913842102104	Nonsense																																										
OSMR	1.332438459915606	1.5325530737383333	1.7021213798741914	1.4010913842102104	Missense																																										
OSTC	1.332438459915606	1.5325530737383333	1.7021213798741914	1.4010913842102104	In frame indel																																										
PAWR	1.332438459915606	1.5325530737383333	1.7021213798741914	1.4010913842102104	Missense																																										
PDCL	1.332438459915606	1.5325530737383333	1.7021213798741914	1.4010913842102104	Missense																																										
PDPN	1.332438459915606	1.5325530737383333	1.7021213798741914	1.4010913842102104		Missense																																									
PDZD7	1.332438459915606	1.5325530737383333	1.7021213798741914	1.4010913842102104	Missense																																										
PHAX	1.332438459915606	1.5325530737383333	1.7021213798741914	1.4010913842102104		Missense																																									
PHOSPHO2	1.332438459915606	1.5325530737383333	1.7021213798741914	1.4010913842102104	Nonsense																																										
PIBF1	1.332438459915606	1.5325530737383333	1.7021213798741914	1.4010913842102104		Missense																																									
PLCXD1	1.332438459915606	1.5325530737383333	1.7021213798741914	1.4010913842102104	Splice site																																										
PRMT3	1.332438459915606	1.5325530737383333	1.7021213798741914	1.4010913842102104	Missense																																										
PTCD3	1.332438459915606	1.5325530737383333	1.7021213798741914	1.4010913842102104	Missense																																										
PXMP2	1.332438459915606	1.5325530737383333	1.7021213798741914	1.4010913842102104		Missense																																									
RAD23B	1.332438459915606	1.5325530737383333	1.7021213798741914	1.4010913842102104	Frameshift indel																																										
RAMP1	1.332438459915606	1.5325530737383333	1.7021213798741914	1.4010913842102104	Missense																																										
RASSF8	1.332438459915606	1.5325530737383333	1.7021213798741914	1.4010913842102104		Missense																																									
RGPD3	1.332438459915606	1.5325530737383333	1.7021213798741914	1.4010913842102104		Splice site																																									
RPL23	1.332438459915606	1.5325530737383333	1.7021213798741914	1.4010913842102104	Missense																																										
RPS6KA3	1.332438459915606	1.5325530737383333	1.7021213798741914	1.4010913842102104		Nonsense																																									
RTF2	1.332438459915606	1.5325530737383333	1.7021213798741914	1.4010913842102104		Missense																																									
SELE	1.332438459915606	1.5325530737383333	1.7021213798741914	1.4010913842102104	Missense																																										
SERPINB1	1.332438459915606	1.5325530737383333	1.7021213798741914	1.4010913842102104	Missense																																										
SERTAD4	1.332438459915606	1.5325530737383333	1.7021213798741914	1.4010913842102104		Missense																																									
SIAH2	1.332438459915606	1.5325530737383333	1.7021213798741914	1.4010913842102104		Missense																																									
SIX5	1.332438459915606	1.5325530737383333	1.7021213798741914	1.4010913842102104		Missense																																									
SKP2	1.332438459915606	1.5325530737383333	1.7021213798741914	1.4010913842102104		Missense																																									
SLC16A6	1.332438459915606	1.5325530737383333	1.7021213798741914	1.4010913842102104	Missense																																										
SLC25A20	1.332438459915606	1.5325530737383333	1.7021213798741914	1.4010913842102104	Missense																																										
SLC66A1	1.332438459915606	1.5325530737383333	1.7021213798741914	1.4010913842102104	Missense																																										
SLF2	1.332438459915606	1.5325530737383333	1.7021213798741914	1.4010913842102104		Missense																																									
SMAD5	1.332438459915606	1.5325530737383333	1.7021213798741914	1.4010913842102104		Missense																																									
SMARCD3	1.332438459915606	1.5325530737383333	1.7021213798741914	1.4010913842102104	Missense																																										
SMIM17	1.332438459915606	1.5325530737383333	1.7021213798741914	1.4010913842102104	Missense																																										
SMUG1	1.332438459915606	1.5325530737383333	1.7021213798741914	1.4010913842102104		Missense																																									
SNAP47	1.332438459915606	1.5325530737383333	1.7021213798741914	1.4010913842102104		Missense																																									
SNRPD3	1.332438459915606	1.5325530737383333	1.7021213798741914	1.4010913842102104	Missense																																										
SPATA17	1.332438459915606	1.5325530737383333	1.7021213798741914	1.4010913842102104	Missense																																										
SPATA21	1.332438459915606	1.5325530737383333	1.7021213798741914	1.4010913842102104		Missense																																									
SPATA2L	1.332438459915606	1.5325530737383333	1.7021213798741914	1.4010913842102104		Missense																																									
SPDYE5	1.332438459915606	1.5325530737383333	1.7021213798741914	1.4010913842102104		Missense																																									
SPSB3	1.332438459915606	1.5325530737383333	1.7021213798741914	1.4010913842102104		Missense																																									
SRBD1	1.332438459915606	1.5325530737383333	1.7021213798741914	1.4010913842102104	Missense																																										
SSU72	1.332438459915606	1.5325530737383333	1.7021213798741914	1.4010913842102104		Missense																																									
STK24	1.332438459915606	1.5325530737383333	1.7021213798741914	1.4010913842102104		Missense																																									
STRAP	1.332438459915606	1.5325530737383333	1.7021213798741914	1.4010913842102104		Splice site																																									
SUSD6	1.332438459915606	1.5325530737383333	1.7021213798741914	1.4010913842102104		Missense																																									
TATDN3	1.332438459915606	1.5325530737383333	1.7021213798741914	1.4010913842102104	Missense																																										
TESC	1.332438459915606	1.5325530737383333	1.7021213798741914	1.4010913842102104	Missense																																										
TIMM8B	1.332438459915606	1.5325530737383333	1.7021213798741914	1.4010913842102104		Missense																																									
TIPRL	1.332438459915606	1.5325530737383333	1.7021213798741914	1.4010913842102104	Missense																																										
TM9SF3	1.332438459915606	1.5325530737383333	1.7021213798741914	1.4010913842102104	In frame indel																																										
TMBIM6	1.332438459915606	1.5325530737383333	1.7021213798741914	1.4010913842102104		Missense																																									
TMEM202	1.332438459915606	1.5325530737383333	1.7021213798741914	1.4010913842102104		Missense																																									
TMEM74B	1.332438459915606	1.5325530737383333	1.7021213798741914	1.4010913842102104	Missense																																										
TMF1	1.332438459915606	1.5325530737383333	1.7021213798741914	1.4010913842102104	Nonsense																																										
TNFSF10	1.332438459915606	1.5325530737383333	1.7021213798741914	1.4010913842102104	Missense																																										
TPO	1.332438459915606	1.5325530737383333	1.7021213798741914	1.4010913842102104	Missense																																										
TRMT10B	1.332438459915606	1.5325530737383333	1.7021213798741914	1.4010913842102104		Missense																																									
TRMU	1.332438459915606	1.5325530737383333	1.7021213798741914	1.4010913842102104	Missense																																										
TTC23	1.332438459915606	1.5325530737383333	1.7021213798741914	1.4010913842102104		Missense																																									
UEVLD	1.332438459915606	1.5325530737383333	1.7021213798741914	1.4010913842102104	Missense																																										
UHRF2	1.332438459915606	1.5325530737383333	1.7021213798741914	1.4010913842102104	Missense																																										
UNC5CL	1.332438459915606	1.5325530737383333	1.7021213798741914	1.4010913842102104		Missense																																									
USO1	1.332438459915606	1.5325530737383333	1.7021213798741914	1.4010913842102104	Missense																																										
USP29	1.332438459915606	1.5325530737383333	1.7021213798741914	1.4010913842102104	Missense																																										
VKORC1L1	1.332438459915606	1.5325530737383333	1.7021213798741914	1.4010913842102104		Missense																																									
VPS26B	1.332438459915606	1.5325530737383333	1.7021213798741914	1.4010913842102104		Missense																																									
ZFAND4	1.332438459915606	1.5325530737383333	1.7021213798741914	1.4010913842102104		Missense																																									
ZKSCAN3	1.332438459915606	1.5325530737383333	1.7021213798741914	1.4010913842102104	In frame indel																																										
ZNF114	1.332438459915606	1.5325530737383333	1.7021213798741914	1.4010913842102104	Missense																																										
ZNF124	1.332438459915606	1.5325530737383333	1.7021213798741914	1.4010913842102104		Missense																																									
ZNF143	1.332438459915606	1.5325530737383333	1.7021213798741914	1.4010913842102104		Missense																																									
ZNF175	1.332438459915606	1.5325530737383333	1.7021213798741914	1.4010913842102104		Missense																																									
ZNF3	1.332438459915606	1.5325530737383333	1.7021213798741914	1.4010913842102104	Missense																																										
ZNF33A	1.332438459915606	1.5325530737383333	1.7021213798741914	1.4010913842102104		Missense																																									
ZNF394	1.332438459915606	1.5325530737383333	1.7021213798741914	1.4010913842102104	Missense																																										
ZNF426	1.332438459915606	1.5325530737383333	1.7021213798741914	1.4010913842102104		Missense																																									
ZNF488	1.332438459915606	1.5325530737383333	1.7021213798741914	1.4010913842102104	Missense																																										
ZNF549	1.332438459915606	1.5325530737383333	1.7021213798741914	1.4010913842102104	Missense																																										
ZNF629	1.332438459915606	1.5325530737383333	1.7021213798741914	1.4010913842102104	Missense																																										
ZNF706	1.332438459915606	1.5325530737383333	1.7021213798741914	1.4010913842102104		Missense																																									
ZNF860	1.332438459915606	1.5325530737383333	1.7021213798741914	1.4010913842102104	Missense																																										
ASH1L	1.3024752365381604	1.1187359132878043	1.7811202134984936	1.2847007049930101	Missense	Missense	Missense,Missense						Missense	Missense	Missense															Missense	Missense,Missense	Missense										Missense					
CELSR3	1.3024752365381604	1.1187359132878043	1.7811202134984936	1.2847007049930101	Missense	Missense		Missense,Missense,Nonsense		Missense			Missense	Missense	In frame indel							Missense						Missense			Splice site																
KMT2B	1.3024752365381604	1.1187359132878043	1.7811202134984936	1.2847007049930101	Missense	Missense	Missense	Missense,Missense			Missense		Missense													Missense					Missense		In frame indel,Missense							Missense							
OBSCN	1.1361438147716387	0.8915571675807896	1.600222905203443	1.1291945387805933	Missense	Nonsense	Missense,Missense			Missense,Missense,Missense	Missense	Missense									Missense	Missense,Missense		Frameshift indel			Missense,Missense			Missense,Missense	Missense																
ABCA13	1.063593147623025	0.801272644763156	1.5147781498113504	1.000944613958719	Missense	Nonsense					Missense	Missense						Missense								Missense					Missense			Missense	Missense			Missense	Missense	Frameshift indel,Frameshift indel,Missense							Missense
FAT4	1.063593147623025	0.801272644763156	1.5147781498113504	1.000944613958719	Missense,Nonsense	Missense				Missense,Missense	Nonsense						Missense							Missense					Nonsense		Missense			Missense					Missense		Missense				Missense,Missense	Missense	
ABCA10	1.0366096579374324	0.7913515428910289	1.3914303765956375	1.0686629839681483		Splice site																												Missense													
AC008397.2	1.0366096579374324	0.7913515428910289	1.3914303765956375	1.0686629839681483	Missense				Missense,Missense																																						
ACP3	1.0366096579374324	0.7913515428910289	1.3914303765956375	1.0686629839681483		Missense																																				Splice site					
ADAMTS10	1.0366096579374324	0.7913515428910289	1.3914303765956375	1.0686629839681483	Missense							Missense																																			
ADAMTS15	1.0366096579374324	0.7913515428910289	1.3914303765956375	1.0686629839681483		Missense																																		Missense							
ADAMTS18	1.0366096579374324	0.7913515428910289	1.3914303765956375	1.0686629839681483		Missense						Missense																																			
ADGRA1	1.0366096579374324	0.7913515428910289	1.3914303765956375	1.0686629839681483		Frameshift indel,Missense																												Missense													
ADH4	1.0366096579374324	0.7913515428910289	1.3914303765956375	1.0686629839681483	Missense																											Missense															
AKAP11	1.0366096579374324	0.7913515428910289	1.3914303765956375	1.0686629839681483	Missense,Missense																																				Missense						
ALPK3	1.0366096579374324	0.7913515428910289	1.3914303765956375	1.0686629839681483	Missense		Frameshift indel,Missense																																								
AMHR2	1.0366096579374324	0.7913515428910289	1.3914303765956375	1.0686629839681483		Missense																									Missense																
ANKLE2	1.0366096579374324	0.7913515428910289	1.3914303765956375	1.0686629839681483		Missense					Missense																																				
ANKRD13C	1.0366096579374324	0.7913515428910289	1.3914303765956375	1.0686629839681483		Missense	Nonsense																																								
ANXA4	1.0366096579374324	0.7913515428910289	1.3914303765956375	1.0686629839681483		Splice site																											Missense														
APCDD1L	1.0366096579374324	0.7913515428910289	1.3914303765956375	1.0686629839681483	Missense				Frameshift indel,Missense																																						
APLP2	1.0366096579374324	0.7913515428910289	1.3914303765956375	1.0686629839681483		Missense			Missense																																						
APOBEC3B	1.0366096579374324	0.7913515428910289	1.3914303765956375	1.0686629839681483		Missense				Missense																																					
ARMCX2	1.0366096579374324	0.7913515428910289	1.3914303765956375	1.0686629839681483		Missense																														Missense											
ARRDC1	1.0366096579374324	0.7913515428910289	1.3914303765956375	1.0686629839681483		Missense																	Missense																								
ASB16	1.0366096579374324	0.7913515428910289	1.3914303765956375	1.0686629839681483		Missense																												Missense													
ASMT	1.0366096579374324	0.7913515428910289	1.3914303765956375	1.0686629839681483	Missense																																					Missense					
ASPG	1.0366096579374324	0.7913515428910289	1.3914303765956375	1.0686629839681483		Missense																																						Missense			
ATG16L2	1.0366096579374324	0.7913515428910289	1.3914303765956375	1.0686629839681483		Missense		Splice site																																							
ATXN7L1	1.0366096579374324	0.7913515428910289	1.3914303765956375	1.0686629839681483		Missense		Missense																																							
AURKA	1.0366096579374324	0.7913515428910289	1.3914303765956375	1.0686629839681483		Missense																												Frameshift indel													
B4GALNT1	1.0366096579374324	0.7913515428910289	1.3914303765956375	1.0686629839681483		Missense	Missense																																								
BCL9	1.0366096579374324	0.7913515428910289	1.3914303765956375	1.0686629839681483	Missense																										Missense																
BMPR1A	1.0366096579374324	0.7913515428910289	1.3914303765956375	1.0686629839681483	Missense																											Frameshift indel															
BTK	1.0366096579374324	0.7913515428910289	1.3914303765956375	1.0686629839681483		Missense							Missense																																		
BTRC	1.0366096579374324	0.7913515428910289	1.3914303765956375	1.0686629839681483		Missense																												Missense													
C14orf39	1.0366096579374324	0.7913515428910289	1.3914303765956375	1.0686629839681483	Frameshift indel																													Nonsense													
C21orf58	1.0366096579374324	0.7913515428910289	1.3914303765956375	1.0686629839681483		Missense																												Missense													
C22orf42	1.0366096579374324	0.7913515428910289	1.3914303765956375	1.0686629839681483		Missense																									In frame indel																
CASP5	1.0366096579374324	0.7913515428910289	1.3914303765956375	1.0686629839681483	Missense																									Missense																	
CATSPER4	1.0366096579374324	0.7913515428910289	1.3914303765956375	1.0686629839681483		Missense			Missense																																						
CCDC121	1.0366096579374324	0.7913515428910289	1.3914303765956375	1.0686629839681483	Missense											Frameshift indel																															
CCDC127	1.0366096579374324	0.7913515428910289	1.3914303765956375	1.0686629839681483		Missense			Missense																																						
CCDC159	1.0366096579374324	0.7913515428910289	1.3914303765956375	1.0686629839681483		Missense					Nonsense																																				
CCDC185	1.0366096579374324	0.7913515428910289	1.3914303765956375	1.0686629839681483		Missense																															In frame indel										
CCDC39	1.0366096579374324	0.7913515428910289	1.3914303765956375	1.0686629839681483		Missense																Missense																									
CCDC77	1.0366096579374324	0.7913515428910289	1.3914303765956375	1.0686629839681483	Missense																												Missense														
CCN3	1.0366096579374324	0.7913515428910289	1.3914303765956375	1.0686629839681483		Missense		Missense																																							
CD52	1.0366096579374324	0.7913515428910289	1.3914303765956375	1.0686629839681483	Missense																												Missense														
CDH3	1.0366096579374324	0.7913515428910289	1.3914303765956375	1.0686629839681483		Missense																													Missense												
CDO1	1.0366096579374324	0.7913515428910289	1.3914303765956375	1.0686629839681483		Missense																			Nonsense																						
CERT1	1.0366096579374324	0.7913515428910289	1.3914303765956375	1.0686629839681483	Missense																						Nonsense																				
CHAMP1	1.0366096579374324	0.7913515428910289	1.3914303765956375	1.0686629839681483		Missense			Missense																																						
CHP1	1.0366096579374324	0.7913515428910289	1.3914303765956375	1.0686629839681483	Missense																						Missense																				
CMC4	1.0366096579374324	0.7913515428910289	1.3914303765956375	1.0686629839681483	Missense		Missense																																								
CNDP1	1.0366096579374324	0.7913515428910289	1.3914303765956375	1.0686629839681483		Missense																												Splice site													
CNN2	1.0366096579374324	0.7913515428910289	1.3914303765956375	1.0686629839681483		Missense						Missense																																			
COG1	1.0366096579374324	0.7913515428910289	1.3914303765956375	1.0686629839681483	Missense								Missense																																		
COP1	1.0366096579374324	0.7913515428910289	1.3914303765956375	1.0686629839681483		Missense																					Missense																				
COX7B	1.0366096579374324	0.7913515428910289	1.3914303765956375	1.0686629839681483	Missense																				Missense																						
CPA1	1.0366096579374324	0.7913515428910289	1.3914303765956375	1.0686629839681483	Missense																																		Missense								
CRBN	1.0366096579374324	0.7913515428910289	1.3914303765956375	1.0686629839681483		Missense					Missense																																				
CRELD2	1.0366096579374324	0.7913515428910289	1.3914303765956375	1.0686629839681483	Missense										Missense																																
CRNKL1	1.0366096579374324	0.7913515428910289	1.3914303765956375	1.0686629839681483	Missense																										Missense																
CTSS	1.0366096579374324	0.7913515428910289	1.3914303765956375	1.0686629839681483		Missense																												Frameshift indel													
CUL1	1.0366096579374324	0.7913515428910289	1.3914303765956375	1.0686629839681483	Missense																						Missense																				
DDX6	1.0366096579374324	0.7913515428910289	1.3914303765956375	1.0686629839681483		Missense					Missense																																				
DHRS7C	1.0366096579374324	0.7913515428910289	1.3914303765956375	1.0686629839681483		Missense	Frameshift indel																																								
DIMT1	1.0366096579374324	0.7913515428910289	1.3914303765956375	1.0686629839681483		Missense																									Missense																
DNASE2	1.0366096579374324	0.7913515428910289	1.3914303765956375	1.0686629839681483		Missense																								Missense																	
DPP10	1.0366096579374324	0.7913515428910289	1.3914303765956375	1.0686629839681483		Missense															Missense																										
DPY19L4	1.0366096579374324	0.7913515428910289	1.3914303765956375	1.0686629839681483		Missense																Splice site																									
DTWD2	1.0366096579374324	0.7913515428910289	1.3914303765956375	1.0686629839681483	Missense																						Missense																				
DUSP7	1.0366096579374324	0.7913515428910289	1.3914303765956375	1.0686629839681483	Missense		Missense																																								
DYRK2	1.0366096579374324	0.7913515428910289	1.3914303765956375	1.0686629839681483	Missense																										Missense																
E2F4	1.0366096579374324	0.7913515428910289	1.3914303765956375	1.0686629839681483		In frame indel,Missense				Missense																																					
EFHC1	1.0366096579374324	0.7913515428910289	1.3914303765956375	1.0686629839681483	Missense,Missense				Frameshift indel																																						
ELMOD1	1.0366096579374324	0.7913515428910289	1.3914303765956375	1.0686629839681483	Missense						Missense																																				
EMILIN1	1.0366096579374324	0.7913515428910289	1.3914303765956375	1.0686629839681483		Missense																																					Nonsense				
ERCC6L2	1.0366096579374324	0.7913515428910289	1.3914303765956375	1.0686629839681483	Missense							Missense																																			
ESPN	1.0366096579374324	0.7913515428910289	1.3914303765956375	1.0686629839681483		Missense																											Missense														
EXT1	1.0366096579374324	0.7913515428910289	1.3914303765956375	1.0686629839681483		Frameshift indel	Frameshift indel																																								
F3	1.0366096579374324	0.7913515428910289	1.3914303765956375	1.0686629839681483	Missense						Missense																																				
FAM193A	1.0366096579374324	0.7913515428910289	1.3914303765956375	1.0686629839681483	Missense																										Missense																
FAM71E1	1.0366096579374324	0.7913515428910289	1.3914303765956375	1.0686629839681483	Missense																									Missense																	
FCER2	1.0366096579374324	0.7913515428910289	1.3914303765956375	1.0686629839681483		Missense															Missense																										
FCHSD2	1.0366096579374324	0.7913515428910289	1.3914303765956375	1.0686629839681483		Missense			Missense																																						
FER	1.0366096579374324	0.7913515428910289	1.3914303765956375	1.0686629839681483	Missense								Missense																																		
FMO5	1.0366096579374324	0.7913515428910289	1.3914303765956375	1.0686629839681483		Missense							Missense																																		
FUCA2	1.0366096579374324	0.7913515428910289	1.3914303765956375	1.0686629839681483		Missense			Missense																																						
FZD3	1.0366096579374324	0.7913515428910289	1.3914303765956375	1.0686629839681483		Missense																																				Missense					
GET3	1.0366096579374324	0.7913515428910289	1.3914303765956375	1.0686629839681483	Missense				Missense																																						
GFRA3	1.0366096579374324	0.7913515428910289	1.3914303765956375	1.0686629839681483		Missense																									Missense																
GLDN	1.0366096579374324	0.7913515428910289	1.3914303765956375	1.0686629839681483	Missense			Missense																																							
GLOD4	1.0366096579374324	0.7913515428910289	1.3914303765956375	1.0686629839681483		Frameshift indel																									Nonsense																
GLUD1	1.0366096579374324	0.7913515428910289	1.3914303765956375	1.0686629839681483	Missense												Missense																														
GPT2	1.0366096579374324	0.7913515428910289	1.3914303765956375	1.0686629839681483		Missense				Missense																																					
GRINA	1.0366096579374324	0.7913515428910289	1.3914303765956375	1.0686629839681483		Missense																									Missense																
GSAP	1.0366096579374324	0.7913515428910289	1.3914303765956375	1.0686629839681483		Missense																										Splice site															
GTPBP2	1.0366096579374324	0.7913515428910289	1.3914303765956375	1.0686629839681483		Missense																									Nonsense																
H1-0	1.0366096579374324	0.7913515428910289	1.3914303765956375	1.0686629839681483	Missense																															Missense											
HACD1	1.0366096579374324	0.7913515428910289	1.3914303765956375	1.0686629839681483		Missense				Missense																																					
HAUS4	1.0366096579374324	0.7913515428910289	1.3914303765956375	1.0686629839681483	Missense					Frameshift indel																																					
HECTD3	1.0366096579374324	0.7913515428910289	1.3914303765956375	1.0686629839681483	Missense																														Missense												
HMCES	1.0366096579374324	0.7913515428910289	1.3914303765956375	1.0686629839681483		Missense			Missense																																						
HNF4A	1.0366096579374324	0.7913515428910289	1.3914303765956375	1.0686629839681483	Missense							Nonsense																																			
HORMAD1	1.0366096579374324	0.7913515428910289	1.3914303765956375	1.0686629839681483		Missense																								Missense																	
HOXA5	1.0366096579374324	0.7913515428910289	1.3914303765956375	1.0686629839681483		Missense															Missense																										
IFI16	1.0366096579374324	0.7913515428910289	1.3914303765956375	1.0686629839681483	Missense																				Nonsense																						
IFIT1	1.0366096579374324	0.7913515428910289	1.3914303765956375	1.0686629839681483		Missense								Missense																																	
IL2RB	1.0366096579374324	0.7913515428910289	1.3914303765956375	1.0686629839681483		Missense							Missense																																		
INTU	1.0366096579374324	0.7913515428910289	1.3914303765956375	1.0686629839681483		Frameshift indel																																				Nonsense					
IRAK3	1.0366096579374324	0.7913515428910289	1.3914303765956375	1.0686629839681483	In frame indel																											Missense															
ITPKC	1.0366096579374324	0.7913515428910289	1.3914303765956375	1.0686629839681483	Missense																																				Missense						
IZUMO1R	1.0366096579374324	0.7913515428910289	1.3914303765956375	1.0686629839681483		Missense			Missense																																						
JOSD1	1.0366096579374324	0.7913515428910289	1.3914303765956375	1.0686629839681483		Missense																Missense																									
KBTBD8	1.0366096579374324	0.7913515428910289	1.3914303765956375	1.0686629839681483	Missense																										Missense																
KCNH4	1.0366096579374324	0.7913515428910289	1.3914303765956375	1.0686629839681483		Missense																					Missense																				
KCNT2	1.0366096579374324	0.7913515428910289	1.3914303765956375	1.0686629839681483	Missense																					Missense																					
KCTD1	1.0366096579374324	0.7913515428910289	1.3914303765956375	1.0686629839681483	Missense																												Missense														
KIF9	1.0366096579374324	0.7913515428910289	1.3914303765956375	1.0686629839681483	Missense			Frameshift indel																																							
KLHL8	1.0366096579374324	0.7913515428910289	1.3914303765956375	1.0686629839681483		Missense																																	Missense								
KRT77	1.0366096579374324	0.7913515428910289	1.3914303765956375	1.0686629839681483	Missense																																			Missense							
LAPTM5	1.0366096579374324	0.7913515428910289	1.3914303765956375	1.0686629839681483	Missense																													Missense													
LARP4B	1.0366096579374324	0.7913515428910289	1.3914303765956375	1.0686629839681483	Missense																																								Missense		
LRRC71	1.0366096579374324	0.7913515428910289	1.3914303765956375	1.0686629839681483	Missense																																						Missense				
LSM12	1.0366096579374324	0.7913515428910289	1.3914303765956375	1.0686629839681483		Missense							Missense																																		
LYZL2	1.0366096579374324	0.7913515428910289	1.3914303765956375	1.0686629839681483		Missense	Missense																																								
LYZL4	1.0366096579374324	0.7913515428910289	1.3914303765956375	1.0686629839681483		Missense																													Frameshift indel,Frameshift indel												
M1AP	1.0366096579374324	0.7913515428910289	1.3914303765956375	1.0686629839681483		Missense																									Missense																
MAD1L1	1.0366096579374324	0.7913515428910289	1.3914303765956375	1.0686629839681483	Missense																																					Missense					
MAD2L2	1.0366096579374324	0.7913515428910289	1.3914303765956375	1.0686629839681483		Missense																									Missense																
MAGEB2	1.0366096579374324	0.7913515428910289	1.3914303765956375	1.0686629839681483	Missense																																				Nonsense						
MAN1A1	1.0366096579374324	0.7913515428910289	1.3914303765956375	1.0686629839681483		Missense				Nonsense																																					
MAN2C1	1.0366096579374324	0.7913515428910289	1.3914303765956375	1.0686629839681483	Missense																										Missense,Missense																
MAP3K3	1.0366096579374324	0.7913515428910289	1.3914303765956375	1.0686629839681483		Missense															Missense																										
MARCHF9	1.0366096579374324	0.7913515428910289	1.3914303765956375	1.0686629839681483	Missense																													Missense													
MATN3	1.0366096579374324	0.7913515428910289	1.3914303765956375	1.0686629839681483		Missense								Missense																																	
MBTD1	1.0366096579374324	0.7913515428910289	1.3914303765956375	1.0686629839681483		Missense																Missense																									
MC3R	1.0366096579374324	0.7913515428910289	1.3914303765956375	1.0686629839681483		Missense														Missense																											
MCTP2	1.0366096579374324	0.7913515428910289	1.3914303765956375	1.0686629839681483	Missense																								Missense																		
ME1	1.0366096579374324	0.7913515428910289	1.3914303765956375	1.0686629839681483	Missense									Nonsense																																	
MEIOB	1.0366096579374324	0.7913515428910289	1.3914303765956375	1.0686629839681483		Missense					Missense																																				
MFNG	1.0366096579374324	0.7913515428910289	1.3914303765956375	1.0686629839681483	Missense																											Missense															
MLXIP	1.0366096579374324	0.7913515428910289	1.3914303765956375	1.0686629839681483	Missense		Missense																																								
MON1B	1.0366096579374324	0.7913515428910289	1.3914303765956375	1.0686629839681483		Missense	Missense																																								
MPRIP	1.0366096579374324	0.7913515428910289	1.3914303765956375	1.0686629839681483		Missense																																	Missense								
MRPL46	1.0366096579374324	0.7913515428910289	1.3914303765956375	1.0686629839681483		Missense																								Missense																	
MSH2	1.0366096579374324	0.7913515428910289	1.3914303765956375	1.0686629839681483	Missense								Missense																																		
MTARC1	1.0366096579374324	0.7913515428910289	1.3914303765956375	1.0686629839681483		In frame indel,Missense																								Missense																	
MTERF3	1.0366096579374324	0.7913515428910289	1.3914303765956375	1.0686629839681483		Missense																								Frameshift indel,Nonsense																	
MTIF3	1.0366096579374324	0.7913515428910289	1.3914303765956375	1.0686629839681483		Missense																													Missense,Nonsense												
MTMR7	1.0366096579374324	0.7913515428910289	1.3914303765956375	1.0686629839681483		Missense																															Nonsense										
MUC6	1.0366096579374324	0.7913515428910289	1.3914303765956375	1.0686629839681483		Missense		Missense																																							
MX2	1.0366096579374324	0.7913515428910289	1.3914303765956375	1.0686629839681483		Missense						Missense																																			
MYBPH	1.0366096579374324	0.7913515428910289	1.3914303765956375	1.0686629839681483	Missense						Missense																																				
MYL7	1.0366096579374324	0.7913515428910289	1.3914303765956375	1.0686629839681483		Missense					Missense																																				
MYRF	1.0366096579374324	0.7913515428910289	1.3914303765956375	1.0686629839681483		Missense																																									Frameshift indel
NAB2	1.0366096579374324	0.7913515428910289	1.3914303765956375	1.0686629839681483	Missense																		Missense																								
NCAPH	1.0366096579374324	0.7913515428910289	1.3914303765956375	1.0686629839681483		Missense																		Frameshift indel,Frameshift indel																							
NCS1	1.0366096579374324	0.7913515428910289	1.3914303765956375	1.0686629839681483		In frame indel																								Missense																	
NINL	1.0366096579374324	0.7913515428910289	1.3914303765956375	1.0686629839681483		Missense	Missense																																								
NLRP8	1.0366096579374324	0.7913515428910289	1.3914303765956375	1.0686629839681483		Nonsense																											Missense														
NMD3	1.0366096579374324	0.7913515428910289	1.3914303765956375	1.0686629839681483	Nonsense																														Missense												
NOM1	1.0366096579374324	0.7913515428910289	1.3914303765956375	1.0686629839681483	In frame indel							Missense																																			
NOXA1	1.0366096579374324	0.7913515428910289	1.3914303765956375	1.0686629839681483	Missense,Missense					Frameshift indel,In frame indel,Missense,Missense																																					
NT5DC3	1.0366096579374324	0.7913515428910289	1.3914303765956375	1.0686629839681483		Nonsense								Missense																																	
NUTM2G	1.0366096579374324	0.7913515428910289	1.3914303765956375	1.0686629839681483	Missense						Missense																																				
OR10J1	1.0366096579374324	0.7913515428910289	1.3914303765956375	1.0686629839681483	Missense						Missense																																				
OR2G2	1.0366096579374324	0.7913515428910289	1.3914303765956375	1.0686629839681483	Missense																																		Missense								
OR6B3	1.0366096579374324	0.7913515428910289	1.3914303765956375	1.0686629839681483	Missense															Missense																											
OR8B12	1.0366096579374324	0.7913515428910289	1.3914303765956375	1.0686629839681483	Missense																								Missense																		
OTUD6B	1.0366096579374324	0.7913515428910289	1.3914303765956375	1.0686629839681483		Missense			Missense																																						
P2RX2	1.0366096579374324	0.7913515428910289	1.3914303765956375	1.0686629839681483		Missense											Missense																														
PACRG	1.0366096579374324	0.7913515428910289	1.3914303765956375	1.0686629839681483		Missense														Missense																											
PADI2	1.0366096579374324	0.7913515428910289	1.3914303765956375	1.0686629839681483	Missense			Frameshift indel,Frameshift indel																																							
PAICS	1.0366096579374324	0.7913515428910289	1.3914303765956375	1.0686629839681483		Frameshift indel						Missense																																			
PCDH9	1.0366096579374324	0.7913515428910289	1.3914303765956375	1.0686629839681483		Missense																																									Missense
PCDHA4	1.0366096579374324	0.7913515428910289	1.3914303765956375	1.0686629839681483	Missense																										Frameshift indel																
PCNX4	1.0366096579374324	0.7913515428910289	1.3914303765956375	1.0686629839681483	Missense				Missense																																						
PDIA3	1.0366096579374324	0.7913515428910289	1.3914303765956375	1.0686629839681483		Missense	Missense																																								
PGAP4	1.0366096579374324	0.7913515428910289	1.3914303765956375	1.0686629839681483	Missense			Missense,Missense																																							
PGLS	1.0366096579374324	0.7913515428910289	1.3914303765956375	1.0686629839681483	Frameshift indel		Missense,Missense																																								
PGM1	1.0366096579374324	0.7913515428910289	1.3914303765956375	1.0686629839681483		Missense			Missense,Nonsense																																						
PGRMC2	1.0366096579374324	0.7913515428910289	1.3914303765956375	1.0686629839681483	Missense																											In frame indel															
PHACTR3	1.0366096579374324	0.7913515428910289	1.3914303765956375	1.0686629839681483		Missense,Missense														Missense																											
PITPNM2	1.0366096579374324	0.7913515428910289	1.3914303765956375	1.0686629839681483	Missense																										Missense																
PLCD4	1.0366096579374324	0.7913515428910289	1.3914303765956375	1.0686629839681483	Missense				Missense																																						
POLR1B	1.0366096579374324	0.7913515428910289	1.3914303765956375	1.0686629839681483		Missense		Missense																																							
POR	1.0366096579374324	0.7913515428910289	1.3914303765956375	1.0686629839681483		Missense																									Missense																
POU2F1	1.0366096579374324	0.7913515428910289	1.3914303765956375	1.0686629839681483	Missense			Missense,Missense																																							
PRKD2	1.0366096579374324	0.7913515428910289	1.3914303765956375	1.0686629839681483		Missense			Missense																																						
PRLR	1.0366096579374324	0.7913515428910289	1.3914303765956375	1.0686629839681483		Missense																										Missense															
PRR5-ARHGAP8	1.0366096579374324	0.7913515428910289	1.3914303765956375	1.0686629839681483		Missense																															Missense										
PSMB5	1.0366096579374324	0.7913515428910289	1.3914303765956375	1.0686629839681483		Missense				Missense,Nonsense																																					
PUS7	1.0366096579374324	0.7913515428910289	1.3914303765956375	1.0686629839681483		Missense	Missense																																								
PWWP2A	1.0366096579374324	0.7913515428910289	1.3914303765956375	1.0686629839681483	Nonsense													Missense																													
PWWP3A	1.0366096579374324	0.7913515428910289	1.3914303765956375	1.0686629839681483	Missense																	Missense																									
RAB36	1.0366096579374324	0.7913515428910289	1.3914303765956375	1.0686629839681483	Missense																																									Missense	
RABEPK	1.0366096579374324	0.7913515428910289	1.3914303765956375	1.0686629839681483		Missense			Missense																																						
RABGGTB	1.0366096579374324	0.7913515428910289	1.3914303765956375	1.0686629839681483		Missense																												Missense													
RAD18	1.0366096579374324	0.7913515428910289	1.3914303765956375	1.0686629839681483	Missense							Missense																																			
RANBP9	1.0366096579374324	0.7913515428910289	1.3914303765956375	1.0686629839681483	Nonsense						Missense																																				
RASSF1	1.0366096579374324	0.7913515428910289	1.3914303765956375	1.0686629839681483	Missense						Missense																																				
REXO4	1.0366096579374324	0.7913515428910289	1.3914303765956375	1.0686629839681483	Missense															Missense																											
RFC3	1.0366096579374324	0.7913515428910289	1.3914303765956375	1.0686629839681483		Missense																															Missense										
RGMB	1.0366096579374324	0.7913515428910289	1.3914303765956375	1.0686629839681483		Missense			Missense																																						
RGS6	1.0366096579374324	0.7913515428910289	1.3914303765956375	1.0686629839681483		Missense					Missense																																				
RHBDF2	1.0366096579374324	0.7913515428910289	1.3914303765956375	1.0686629839681483	Missense																								Missense																		
RIF1	1.0366096579374324	0.7913515428910289	1.3914303765956375	1.0686629839681483	Missense																																				Missense						
RIOK2	1.0366096579374324	0.7913515428910289	1.3914303765956375	1.0686629839681483	Missense									Missense																																	
RND1	1.0366096579374324	0.7913515428910289	1.3914303765956375	1.0686629839681483	Missense																												Missense														
RNF145	1.0366096579374324	0.7913515428910289	1.3914303765956375	1.0686629839681483	Missense																			Missense																							
RNF214	1.0366096579374324	0.7913515428910289	1.3914303765956375	1.0686629839681483		Missense																											Missense														
RPGR	1.0366096579374324	0.7913515428910289	1.3914303765956375	1.0686629839681483		Missense																												Missense													
RPL3	1.0366096579374324	0.7913515428910289	1.3914303765956375	1.0686629839681483	Missense									Missense																																	
RPS7	1.0366096579374324	0.7913515428910289	1.3914303765956375	1.0686629839681483		Missense	Missense																																								
SCARF2	1.0366096579374324	0.7913515428910289	1.3914303765956375	1.0686629839681483		Splice site																																			Missense						
SCYL2	1.0366096579374324	0.7913515428910289	1.3914303765956375	1.0686629839681483	Missense										Missense																																
SDF4	1.0366096579374324	0.7913515428910289	1.3914303765956375	1.0686629839681483	Missense						Missense																																				
SDR9C7	1.0366096579374324	0.7913515428910289	1.3914303765956375	1.0686629839681483		Splice site																									Missense																
SEMA3D	1.0366096579374324	0.7913515428910289	1.3914303765956375	1.0686629839681483		Missense,Missense					Missense																																				
SEMA4D	1.0366096579374324	0.7913515428910289	1.3914303765956375	1.0686629839681483		Splice site		Missense																																							
SF3A1	1.0366096579374324	0.7913515428910289	1.3914303765956375	1.0686629839681483	Nonsense					Missense																																					
SGCG	1.0366096579374324	0.7913515428910289	1.3914303765956375	1.0686629839681483		Missense																		Missense																							
SH3BP4	1.0366096579374324	0.7913515428910289	1.3914303765956375	1.0686629839681483	Missense																										Missense,TSS																
SHANK2	1.0366096579374324	0.7913515428910289	1.3914303765956375	1.0686629839681483	Missense,Missense			Missense																																							
SLAMF9	1.0366096579374324	0.7913515428910289	1.3914303765956375	1.0686629839681483	Nonsense										Frameshift indel,Nonstop																																
SLC15A2	1.0366096579374324	0.7913515428910289	1.3914303765956375	1.0686629839681483		Missense																															Missense										
SLC1A4	1.0366096579374324	0.7913515428910289	1.3914303765956375	1.0686629839681483		Nonsense																									Missense																
SLC22A25	1.0366096579374324	0.7913515428910289	1.3914303765956375	1.0686629839681483		Nonsense																																		Nonsense							
SLC25A16	1.0366096579374324	0.7913515428910289	1.3914303765956375	1.0686629839681483		Nonsense				Missense																																					
SLC25A31	1.0366096579374324	0.7913515428910289	1.3914303765956375	1.0686629839681483	Missense																	Nonsense																									
SLC25A41	1.0366096579374324	0.7913515428910289	1.3914303765956375	1.0686629839681483		Missense	Missense																																								
SLC25A52	1.0366096579374324	0.7913515428910289	1.3914303765956375	1.0686629839681483	Missense			Missense																																							
SLC6A18	1.0366096579374324	0.7913515428910289	1.3914303765956375	1.0686629839681483		Missense																										Missense															
SLC7A4	1.0366096579374324	0.7913515428910289	1.3914303765956375	1.0686629839681483		Missense			Nonsense																																						
SLCO2A1	1.0366096579374324	0.7913515428910289	1.3914303765956375	1.0686629839681483	Missense																			Missense																							
SNTA1	1.0366096579374324	0.7913515428910289	1.3914303765956375	1.0686629839681483	Missense		Frameshift indel																																								
SNX19	1.0366096579374324	0.7913515428910289	1.3914303765956375	1.0686629839681483	Missense								Missense																																		
SNX2	1.0366096579374324	0.7913515428910289	1.3914303765956375	1.0686629839681483		Missense																	Missense																								
SNX5	1.0366096579374324	0.7913515428910289	1.3914303765956375	1.0686629839681483	Missense																										Missense																
SOCS6	1.0366096579374324	0.7913515428910289	1.3914303765956375	1.0686629839681483	Missense		Missense																																								
SP4	1.0366096579374324	0.7913515428910289	1.3914303765956375	1.0686629839681483	Missense				Missense																																						
SPATC1	1.0366096579374324	0.7913515428910289	1.3914303765956375	1.0686629839681483	Missense										Missense																																
SPINK5	1.0366096579374324	0.7913515428910289	1.3914303765956375	1.0686629839681483		Nonsense																																									Missense
SREBF2	1.0366096579374324	0.7913515428910289	1.3914303765956375	1.0686629839681483		Missense																									Missense																
SRPX2	1.0366096579374324	0.7913515428910289	1.3914303765956375	1.0686629839681483		Missense																												Missense													
STRADB	1.0366096579374324	0.7913515428910289	1.3914303765956375	1.0686629839681483	Nonsense					Missense																																					
SYVN1	1.0366096579374324	0.7913515428910289	1.3914303765956375	1.0686629839681483	Missense					Nonsense																																					
TAFA1	1.0366096579374324	0.7913515428910289	1.3914303765956375	1.0686629839681483		Missense									Missense																																
TBCK	1.0366096579374324	0.7913515428910289	1.3914303765956375	1.0686629839681483	Frameshift indel				Missense																																						
TENT2	1.0366096579374324	0.7913515428910289	1.3914303765956375	1.0686629839681483	Missense																											Missense															
TEX2	1.0366096579374324	0.7913515428910289	1.3914303765956375	1.0686629839681483		Missense					Missense																																				
TGFBR2	1.0366096579374324	0.7913515428910289	1.3914303765956375	1.0686629839681483		In frame indel								Missense																																	
TICRR	1.0366096579374324	0.7913515428910289	1.3914303765956375	1.0686629839681483		In frame indel,Missense																																	Nonsense								
TM2D3	1.0366096579374324	0.7913515428910289	1.3914303765956375	1.0686629839681483		Missense					Missense																																				
TMCO4	1.0366096579374324	0.7913515428910289	1.3914303765956375	1.0686629839681483		Missense				Missense																																					
TMEM117	1.0366096579374324	0.7913515428910289	1.3914303765956375	1.0686629839681483	Missense										Missense																																
TMOD3	1.0366096579374324	0.7913515428910289	1.3914303765956375	1.0686629839681483	Missense																											Missense															
TPBG	1.0366096579374324	0.7913515428910289	1.3914303765956375	1.0686629839681483		Missense																				Missense																					
TPM2	1.0366096579374324	0.7913515428910289	1.3914303765956375	1.0686629839681483	Missense		Missense																																								
TRIM14	1.0366096579374324	0.7913515428910289	1.3914303765956375	1.0686629839681483		Missense										Missense																															
TRIML1	1.0366096579374324	0.7913515428910289	1.3914303765956375	1.0686629839681483	Missense																																				Missense						
TRPC4AP	1.0366096579374324	0.7913515428910289	1.3914303765956375	1.0686629839681483	Missense					Nonsense																																					
TRPV4	1.0366096579374324	0.7913515428910289	1.3914303765956375	1.0686629839681483		Missense																										Missense															
TSC22D3	1.0366096579374324	0.7913515428910289	1.3914303765956375	1.0686629839681483		Missense																													Missense												
TSPAN12	1.0366096579374324	0.7913515428910289	1.3914303765956375	1.0686629839681483		Missense																																								Missense	
TTC37	1.0366096579374324	0.7913515428910289	1.3914303765956375	1.0686629839681483	Missense											Missense																															
TUBGCP4	1.0366096579374324	0.7913515428910289	1.3914303765956375	1.0686629839681483	Missense																																										Missense,Nonsense
TUFM	1.0366096579374324	0.7913515428910289	1.3914303765956375	1.0686629839681483		Frameshift indel	Frameshift indel																																								
TULP1	1.0366096579374324	0.7913515428910289	1.3914303765956375	1.0686629839681483	Missense																									Missense																	
UBA2	1.0366096579374324	0.7913515428910289	1.3914303765956375	1.0686629839681483	Missense,Splice site						Missense																																				
UBAP2L	1.0366096579374324	0.7913515428910289	1.3914303765956375	1.0686629839681483	Missense																												Missense														
VEPH1	1.0366096579374324	0.7913515428910289	1.3914303765956375	1.0686629839681483		Missense																											Missense														
VMO1	1.0366096579374324	0.7913515428910289	1.3914303765956375	1.0686629839681483	Missense						Missense																																				
YIPF6	1.0366096579374324	0.7913515428910289	1.3914303765956375	1.0686629839681483	Missense													Missense																													
YY1	1.0366096579374324	0.7913515428910289	1.3914303765956375	1.0686629839681483		Missense									Missense																																
ZBTB3	1.0366096579374324	0.7913515428910289	1.3914303765956375	1.0686629839681483		Frameshift indel																							Frameshift indel																		
ZBTB4	1.0366096579374324	0.7913515428910289	1.3914303765956375	1.0686629839681483		Missense																									Missense																
ZIC1	1.0366096579374324	0.7913515428910289	1.3914303765956375	1.0686629839681483	Missense																	Missense																									
ZNF181	1.0366096579374324	0.7913515428910289	1.3914303765956375	1.0686629839681483		Missense							Missense																																		
ZNF24	1.0366096579374324	0.7913515428910289	1.3914303765956375	1.0686629839681483		Missense														Missense																											
ZNF276	1.0366096579374324	0.7913515428910289	1.3914303765956375	1.0686629839681483		Missense												Missense																													
ZNF331	1.0366096579374324	0.7913515428910289	1.3914303765956375	1.0686629839681483		Missense							Missense																																		
ZNF420	1.0366096579374324	0.7913515428910289	1.3914303765956375	1.0686629839681483		Missense			Missense																																						
ZNF490	1.0366096579374324	0.7913515428910289	1.3914303765956375	1.0686629839681483		Missense																																									Missense
ZNF780B	1.0366096579374324	0.7913515428910289	1.3914303765956375	1.0686629839681483	Missense																											Missense															
ZNF841	1.0366096579374324	0.7913515428910289	1.3914303765956375	1.0686629839681483		Missense			Missense																																						
PKHD1L1	0.9966463579924121	0.722165547762764	1.3847704042006148	0.8828127391906708	Missense	Missense	Nonsense	Missense	Missense,Nonsense		Missense		Missense,Missense		Missense													Missense			Missense,Missense					Missense	Missense		Missense		Missense						
DNAH1	0.9344984512435672	0.6520361476444118	1.3161245857932753	0.8455948572601537	Missense	Frameshift indel	Missense	Missense	Missense,Missense,Missense				Missense		Missense	Frameshift indel									Missense					Missense,Missense	Missense,Missense,Missense,Missense,Nonsense	Missense		Frameshift indel,Frameshift indel,Missense						Splice site	Missense						
RYR1	0.9344984512435672	0.6520361476444118	1.3161245857932753	0.8455948572601537	Missense,Missense	Missense	In frame indel,Missense,Missense,Missense,Nonsense		Missense,Missense		Frameshift indel,Missense	Splice site							Missense	Missense	Missense						Missense				Missense		Missense	Missense,Nonsense						Missense,Missense,Nonsense		Missense,Missense					
