	Fisher	Chi2	Barnard	Boschloo	cn93P-Never	39P1-Ever	51P1-Ever	52P1-Ever	54P1-Ever	55P1-Ever	61P1-Ever	62P1-Ever	65P1-Ever	cn101P-Ever	cn105P-Ever	cn106P-Ever	cn107P-Ever	cn108P-Ever	cn110P-Ever	cn112P-Ever	cn95P-Ever	cn97P-Ever
AADACL3	1.2552725051033053	1.3384189532223072	1.677273428428855	1.3762434327648738	Missense																	
ABAT	1.2552725051033053	1.3384189532223072	1.677273428428855	1.3762434327648738	Missense																	
ABRAXAS2	1.2552725051033053	1.3384189532223072	1.677273428428855	1.3762434327648738	Missense																	
ACP2	1.2552725051033053	1.3384189532223072	1.677273428428855	1.3762434327648738	Missense																	
ACTR5	1.2552725051033053	1.3384189532223072	1.677273428428855	1.3762434327648738	Nonsense																	
ACVR1B	1.2552725051033053	1.3384189532223072	1.677273428428855	1.3762434327648738	Missense																	
ADAMTS18	1.2552725051033053	1.3384189532223072	1.677273428428855	1.3762434327648738	Missense																	
AGO3	1.2552725051033053	1.3384189532223072	1.677273428428855	1.3762434327648738	Missense																	
AHCY	1.2552725051033053	1.3384189532223072	1.677273428428855	1.3762434327648738	Missense																	
ALK	1.2552725051033053	1.3384189532223072	1.677273428428855	1.3762434327648738	Missense																	
AMY2B	1.2552725051033053	1.3384189532223072	1.677273428428855	1.3762434327648738	Missense																	
ANKLE2	1.2552725051033053	1.3384189532223072	1.677273428428855	1.3762434327648738	Missense																	
ANKRD13C	1.2552725051033053	1.3384189532223072	1.677273428428855	1.3762434327648738	Missense																	
API5	1.2552725051033053	1.3384189532223072	1.677273428428855	1.3762434327648738	Missense																	
APLP2	1.2552725051033053	1.3384189532223072	1.677273428428855	1.3762434327648738	Missense																	
APOBEC3B	1.2552725051033053	1.3384189532223072	1.677273428428855	1.3762434327648738	Missense																	
ARHGAP12	1.2552725051033053	1.3384189532223072	1.677273428428855	1.3762434327648738	Missense																	
ARRDC1	1.2552725051033053	1.3384189532223072	1.677273428428855	1.3762434327648738	Missense																	
ATE1	1.2552725051033053	1.3384189532223072	1.677273428428855	1.3762434327648738	Nonsense																	
ATG16L2	1.2552725051033053	1.3384189532223072	1.677273428428855	1.3762434327648738	Missense																	
ATP6V0B	1.2552725051033053	1.3384189532223072	1.677273428428855	1.3762434327648738	Missense																	
ATP7B	1.2552725051033053	1.3384189532223072	1.677273428428855	1.3762434327648738	Missense																	
ATXN7L1	1.2552725051033053	1.3384189532223072	1.677273428428855	1.3762434327648738	Missense																	
B3GALT2	1.2552725051033053	1.3384189532223072	1.677273428428855	1.3762434327648738	Missense																	
B4GALNT1	1.2552725051033053	1.3384189532223072	1.677273428428855	1.3762434327648738	Missense																	
BANF1	1.2552725051033053	1.3384189532223072	1.677273428428855	1.3762434327648738	Missense																	
BCL2L11	1.2552725051033053	1.3384189532223072	1.677273428428855	1.3762434327648738	Nonsense																	
BCL2L13	1.2552725051033053	1.3384189532223072	1.677273428428855	1.3762434327648738	Nonsense																	
BMP8B	1.2552725051033053	1.3384189532223072	1.677273428428855	1.3762434327648738	Missense																	
BTK	1.2552725051033053	1.3384189532223072	1.677273428428855	1.3762434327648738	Missense																	
C14orf119	1.2552725051033053	1.3384189532223072	1.677273428428855	1.3762434327648738	Missense																	
C1QTNF7	1.2552725051033053	1.3384189532223072	1.677273428428855	1.3762434327648738	Missense																	
C1orf105	1.2552725051033053	1.3384189532223072	1.677273428428855	1.3762434327648738	Missense																	
C1orf43	1.2552725051033053	1.3384189532223072	1.677273428428855	1.3762434327648738	Missense																	
C1orf50	1.2552725051033053	1.3384189532223072	1.677273428428855	1.3762434327648738	Missense																	
C9orf43	1.2552725051033053	1.3384189532223072	1.677273428428855	1.3762434327648738	Nonsense																	
CAMK2A	1.2552725051033053	1.3384189532223072	1.677273428428855	1.3762434327648738	Missense																	
CAMK2D	1.2552725051033053	1.3384189532223072	1.677273428428855	1.3762434327648738	Nonsense																	
CAMKK2	1.2552725051033053	1.3384189532223072	1.677273428428855	1.3762434327648738	Missense																	
CAMTA1	1.2552725051033053	1.3384189532223072	1.677273428428855	1.3762434327648738	Missense																	
CAPNS2	1.2552725051033053	1.3384189532223072	1.677273428428855	1.3762434327648738	Nonsense																	
CASD1	1.2552725051033053	1.3384189532223072	1.677273428428855	1.3762434327648738	Missense																	
CATSPER2	1.2552725051033053	1.3384189532223072	1.677273428428855	1.3762434327648738	Missense																	
CATSPER4	1.2552725051033053	1.3384189532223072	1.677273428428855	1.3762434327648738	Missense																	
CBLB	1.2552725051033053	1.3384189532223072	1.677273428428855	1.3762434327648738	Missense																	
CCDC127	1.2552725051033053	1.3384189532223072	1.677273428428855	1.3762434327648738	Missense																	
CCDC159	1.2552725051033053	1.3384189532223072	1.677273428428855	1.3762434327648738	Missense																	
CCDC39	1.2552725051033053	1.3384189532223072	1.677273428428855	1.3762434327648738	Missense																	
CCDC88A	1.2552725051033053	1.3384189532223072	1.677273428428855	1.3762434327648738	Missense																	
CCN3	1.2552725051033053	1.3384189532223072	1.677273428428855	1.3762434327648738	Missense																	
CCR9	1.2552725051033053	1.3384189532223072	1.677273428428855	1.3762434327648738	Missense																	
CD44	1.2552725051033053	1.3384189532223072	1.677273428428855	1.3762434327648738	Missense																	
CD63	1.2552725051033053	1.3384189532223072	1.677273428428855	1.3762434327648738	Nonsense																	
CDK8	1.2552725051033053	1.3384189532223072	1.677273428428855	1.3762434327648738	Missense																	
CDO1	1.2552725051033053	1.3384189532223072	1.677273428428855	1.3762434327648738	Missense																	
CDON	1.2552725051033053	1.3384189532223072	1.677273428428855	1.3762434327648738	Missense																	
CELF6	1.2552725051033053	1.3384189532223072	1.677273428428855	1.3762434327648738	Missense																	
CHAMP1	1.2552725051033053	1.3384189532223072	1.677273428428855	1.3762434327648738	Missense																	
CHD1	1.2552725051033053	1.3384189532223072	1.677273428428855	1.3762434327648738	Splice site																	
CHD4	1.2552725051033053	1.3384189532223072	1.677273428428855	1.3762434327648738	Missense																	
CHST4	1.2552725051033053	1.3384189532223072	1.677273428428855	1.3762434327648738	Missense																	
CLSTN3	1.2552725051033053	1.3384189532223072	1.677273428428855	1.3762434327648738	Missense																	
CNN2	1.2552725051033053	1.3384189532223072	1.677273428428855	1.3762434327648738	Missense																	
COL4A1	1.2552725051033053	1.3384189532223072	1.677273428428855	1.3762434327648738	Missense																	
COP1	1.2552725051033053	1.3384189532223072	1.677273428428855	1.3762434327648738	Missense																	
CRBN	1.2552725051033053	1.3384189532223072	1.677273428428855	1.3762434327648738	Missense																	
CREBRF	1.2552725051033053	1.3384189532223072	1.677273428428855	1.3762434327648738	Missense																	
CSNK1D	1.2552725051033053	1.3384189532223072	1.677273428428855	1.3762434327648738	Missense																	
CSTF1	1.2552725051033053	1.3384189532223072	1.677273428428855	1.3762434327648738	Missense																	
CTSF	1.2552725051033053	1.3384189532223072	1.677273428428855	1.3762434327648738	Missense																	
CYLD	1.2552725051033053	1.3384189532223072	1.677273428428855	1.3762434327648738	Missense																	
DCAF10	1.2552725051033053	1.3384189532223072	1.677273428428855	1.3762434327648738	Missense																	
DDX23	1.2552725051033053	1.3384189532223072	1.677273428428855	1.3762434327648738	Missense,Missense																	
DDX6	1.2552725051033053	1.3384189532223072	1.677273428428855	1.3762434327648738	Missense																	
DEGS2	1.2552725051033053	1.3384189532223072	1.677273428428855	1.3762434327648738	Missense																	
DHRS7C	1.2552725051033053	1.3384189532223072	1.677273428428855	1.3762434327648738	Missense																	
DHX15	1.2552725051033053	1.3384189532223072	1.677273428428855	1.3762434327648738	Missense																	
DMGDH	1.2552725051033053	1.3384189532223072	1.677273428428855	1.3762434327648738	Missense																	
DNAI1	1.2552725051033053	1.3384189532223072	1.677273428428855	1.3762434327648738	Missense																	
DNAJC7	1.2552725051033053	1.3384189532223072	1.677273428428855	1.3762434327648738	Missense																	
DNASE2	1.2552725051033053	1.3384189532223072	1.677273428428855	1.3762434327648738	Missense																	
DPP10	1.2552725051033053	1.3384189532223072	1.677273428428855	1.3762434327648738	Missense																	
DPY19L1	1.2552725051033053	1.3384189532223072	1.677273428428855	1.3762434327648738	Missense																	
DPY19L4	1.2552725051033053	1.3384189532223072	1.677273428428855	1.3762434327648738	Missense																	
DUSP16	1.2552725051033053	1.3384189532223072	1.677273428428855	1.3762434327648738	Missense																	
E2F4	1.2552725051033053	1.3384189532223072	1.677273428428855	1.3762434327648738	In frame indel,Missense																	
EFCAB1	1.2552725051033053	1.3384189532223072	1.677273428428855	1.3762434327648738	Missense																	
EGF	1.2552725051033053	1.3384189532223072	1.677273428428855	1.3762434327648738	Nonsense																	
EIF3J	1.2552725051033053	1.3384189532223072	1.677273428428855	1.3762434327648738	Missense																	
ENPP3	1.2552725051033053	1.3384189532223072	1.677273428428855	1.3762434327648738	In frame indel,Missense																	
EXT1	1.2552725051033053	1.3384189532223072	1.677273428428855	1.3762434327648738	Frameshift indel																	
FAM170B	1.2552725051033053	1.3384189532223072	1.677273428428855	1.3762434327648738	Missense																	
FAM241B	1.2552725051033053	1.3384189532223072	1.677273428428855	1.3762434327648738	Missense																	
FAS	1.2552725051033053	1.3384189532223072	1.677273428428855	1.3762434327648738	Missense																	
FCER2	1.2552725051033053	1.3384189532223072	1.677273428428855	1.3762434327648738	Missense																	
FCHSD2	1.2552725051033053	1.3384189532223072	1.677273428428855	1.3762434327648738	Missense																	
FGF7	1.2552725051033053	1.3384189532223072	1.677273428428855	1.3762434327648738	Missense																	
FLT1	1.2552725051033053	1.3384189532223072	1.677273428428855	1.3762434327648738	Nonsense																	
FMO5	1.2552725051033053	1.3384189532223072	1.677273428428855	1.3762434327648738	Missense																	
FOXH1	1.2552725051033053	1.3384189532223072	1.677273428428855	1.3762434327648738	Missense																	
FOXP1	1.2552725051033053	1.3384189532223072	1.677273428428855	1.3762434327648738	Missense																	
FUCA2	1.2552725051033053	1.3384189532223072	1.677273428428855	1.3762434327648738	Missense																	
GJB5	1.2552725051033053	1.3384189532223072	1.677273428428855	1.3762434327648738	Missense																	
GLB1L3	1.2552725051033053	1.3384189532223072	1.677273428428855	1.3762434327648738	Missense																	
GMNN	1.2552725051033053	1.3384189532223072	1.677273428428855	1.3762434327648738	Nonsense																	
GPR1	1.2552725051033053	1.3384189532223072	1.677273428428855	1.3762434327648738	Missense																	
GPR15	1.2552725051033053	1.3384189532223072	1.677273428428855	1.3762434327648738	Missense																	
GPR89B	1.2552725051033053	1.3384189532223072	1.677273428428855	1.3762434327648738	Nonsense																	
GPRIN3	1.2552725051033053	1.3384189532223072	1.677273428428855	1.3762434327648738	Nonsense																	
GPT2	1.2552725051033053	1.3384189532223072	1.677273428428855	1.3762434327648738	Missense																	
GTF2H1	1.2552725051033053	1.3384189532223072	1.677273428428855	1.3762434327648738	Missense																	
GTSE1	1.2552725051033053	1.3384189532223072	1.677273428428855	1.3762434327648738	Missense																	
GUCY2C	1.2552725051033053	1.3384189532223072	1.677273428428855	1.3762434327648738	Missense																	
H3-5	1.2552725051033053	1.3384189532223072	1.677273428428855	1.3762434327648738	Missense																	
HACD1	1.2552725051033053	1.3384189532223072	1.677273428428855	1.3762434327648738	Missense																	
HDX	1.2552725051033053	1.3384189532223072	1.677273428428855	1.3762434327648738	Splice site																	
HJV	1.2552725051033053	1.3384189532223072	1.677273428428855	1.3762434327648738	Frameshift indel																	
HMCES	1.2552725051033053	1.3384189532223072	1.677273428428855	1.3762434327648738	Missense																	
HMGA2	1.2552725051033053	1.3384189532223072	1.677273428428855	1.3762434327648738	Missense																	
HORMAD1	1.2552725051033053	1.3384189532223072	1.677273428428855	1.3762434327648738	Missense																	
HOXA5	1.2552725051033053	1.3384189532223072	1.677273428428855	1.3762434327648738	Missense																	
HSPA5	1.2552725051033053	1.3384189532223072	1.677273428428855	1.3762434327648738	Missense																	
HSPBP1	1.2552725051033053	1.3384189532223072	1.677273428428855	1.3762434327648738	Missense																	
IFIT1	1.2552725051033053	1.3384189532223072	1.677273428428855	1.3762434327648738	Missense																	
IL1R1	1.2552725051033053	1.3384189532223072	1.677273428428855	1.3762434327648738	Missense																	
IL21R	1.2552725051033053	1.3384189532223072	1.677273428428855	1.3762434327648738	Missense																	
IL2RB	1.2552725051033053	1.3384189532223072	1.677273428428855	1.3762434327648738	Missense																	
IL9	1.2552725051033053	1.3384189532223072	1.677273428428855	1.3762434327648738	Frameshift indel																	
INMT	1.2552725051033053	1.3384189532223072	1.677273428428855	1.3762434327648738	Missense																	
INTS10	1.2552725051033053	1.3384189532223072	1.677273428428855	1.3762434327648738	Missense																	
ISLR2	1.2552725051033053	1.3384189532223072	1.677273428428855	1.3762434327648738	Missense																	
IZUMO1R	1.2552725051033053	1.3384189532223072	1.677273428428855	1.3762434327648738	Missense																	
JOSD1	1.2552725051033053	1.3384189532223072	1.677273428428855	1.3762434327648738	Missense																	
KCNE1	1.2552725051033053	1.3384189532223072	1.677273428428855	1.3762434327648738	Missense																	
KCNH4	1.2552725051033053	1.3384189532223072	1.677273428428855	1.3762434327648738	Missense																	
KCNK1	1.2552725051033053	1.3384189532223072	1.677273428428855	1.3762434327648738	Missense																	
KCNK9	1.2552725051033053	1.3384189532223072	1.677273428428855	1.3762434327648738	Missense																	
KIF24	1.2552725051033053	1.3384189532223072	1.677273428428855	1.3762434327648738	Missense																	
KLHL12	1.2552725051033053	1.3384189532223072	1.677273428428855	1.3762434327648738	Frameshift indel																	
KRTAP10-8	1.2552725051033053	1.3384189532223072	1.677273428428855	1.3762434327648738	Missense																	
LAMTOR5	1.2552725051033053	1.3384189532223072	1.677273428428855	1.3762434327648738	Missense																	
LONP2	1.2552725051033053	1.3384189532223072	1.677273428428855	1.3762434327648738	Missense																	
LRCH1	1.2552725051033053	1.3384189532223072	1.677273428428855	1.3762434327648738	Missense																	
LRRC18	1.2552725051033053	1.3384189532223072	1.677273428428855	1.3762434327648738	Missense																	
LRRC42	1.2552725051033053	1.3384189532223072	1.677273428428855	1.3762434327648738	Missense																	
LSM12	1.2552725051033053	1.3384189532223072	1.677273428428855	1.3762434327648738	Missense																	
LYZL2	1.2552725051033053	1.3384189532223072	1.677273428428855	1.3762434327648738	Missense																	
MACC1	1.2552725051033053	1.3384189532223072	1.677273428428855	1.3762434327648738	Missense																	
MAJIN	1.2552725051033053	1.3384189532223072	1.677273428428855	1.3762434327648738	Missense																	
MAN1A1	1.2552725051033053	1.3384189532223072	1.677273428428855	1.3762434327648738	Missense																	
MAP3K3	1.2552725051033053	1.3384189532223072	1.677273428428855	1.3762434327648738	Missense																	
MATN3	1.2552725051033053	1.3384189532223072	1.677273428428855	1.3762434327648738	Missense																	
MBTD1	1.2552725051033053	1.3384189532223072	1.677273428428855	1.3762434327648738	Missense																	
MC3R	1.2552725051033053	1.3384189532223072	1.677273428428855	1.3762434327648738	Missense																	
MCM2	1.2552725051033053	1.3384189532223072	1.677273428428855	1.3762434327648738	Missense																	
MED23	1.2552725051033053	1.3384189532223072	1.677273428428855	1.3762434327648738	Splice site																	
MEIOB	1.2552725051033053	1.3384189532223072	1.677273428428855	1.3762434327648738	Missense																	
MFN2	1.2552725051033053	1.3384189532223072	1.677273428428855	1.3762434327648738	Missense																	
MIEF1	1.2552725051033053	1.3384189532223072	1.677273428428855	1.3762434327648738	Missense																	
MMS19	1.2552725051033053	1.3384189532223072	1.677273428428855	1.3762434327648738	Missense																	
MON1B	1.2552725051033053	1.3384189532223072	1.677273428428855	1.3762434327648738	Missense																	
MPHOSPH10	1.2552725051033053	1.3384189532223072	1.677273428428855	1.3762434327648738	Missense																	
MPPE1	1.2552725051033053	1.3384189532223072	1.677273428428855	1.3762434327648738	Missense																	
MRPL46	1.2552725051033053	1.3384189532223072	1.677273428428855	1.3762434327648738	Missense																	
MTARC1	1.2552725051033053	1.3384189532223072	1.677273428428855	1.3762434327648738	In frame indel,Missense																	
MTERF3	1.2552725051033053	1.3384189532223072	1.677273428428855	1.3762434327648738	Missense																	
MTFMT	1.2552725051033053	1.3384189532223072	1.677273428428855	1.3762434327648738	Nonsense																	
MTFR1	1.2552725051033053	1.3384189532223072	1.677273428428855	1.3762434327648738	Missense																	
MUC6	1.2552725051033053	1.3384189532223072	1.677273428428855	1.3762434327648738	Missense																	
MX2	1.2552725051033053	1.3384189532223072	1.677273428428855	1.3762434327648738	Missense																	
MYBBP1A	1.2552725051033053	1.3384189532223072	1.677273428428855	1.3762434327648738	Missense																	
MYBPC2	1.2552725051033053	1.3384189532223072	1.677273428428855	1.3762434327648738	Missense																	
MYCT1	1.2552725051033053	1.3384189532223072	1.677273428428855	1.3762434327648738	Nonsense																	
MYL7	1.2552725051033053	1.3384189532223072	1.677273428428855	1.3762434327648738	Missense																	
N4BP3	1.2552725051033053	1.3384189532223072	1.677273428428855	1.3762434327648738	Missense																	
NALCN	1.2552725051033053	1.3384189532223072	1.677273428428855	1.3762434327648738	Missense																	
NCAPH	1.2552725051033053	1.3384189532223072	1.677273428428855	1.3762434327648738	Missense																	
NCOA1	1.2552725051033053	1.3384189532223072	1.677273428428855	1.3762434327648738	Missense																	
NCS1	1.2552725051033053	1.3384189532223072	1.677273428428855	1.3762434327648738	In frame indel																	
NEDD4L	1.2552725051033053	1.3384189532223072	1.677273428428855	1.3762434327648738	Missense,Missense																	
NEK6	1.2552725051033053	1.3384189532223072	1.677273428428855	1.3762434327648738	Missense																	
NFATC2IP	1.2552725051033053	1.3384189532223072	1.677273428428855	1.3762434327648738	Missense																	
NFS1	1.2552725051033053	1.3384189532223072	1.677273428428855	1.3762434327648738	Nonsense																	
NINL	1.2552725051033053	1.3384189532223072	1.677273428428855	1.3762434327648738	Missense																	
NKRF	1.2552725051033053	1.3384189532223072	1.677273428428855	1.3762434327648738	Missense																	
NT5DC3	1.2552725051033053	1.3384189532223072	1.677273428428855	1.3762434327648738	Nonsense																	
NUSAP1	1.2552725051033053	1.3384189532223072	1.677273428428855	1.3762434327648738	Nonsense																	
OBI1	1.2552725051033053	1.3384189532223072	1.677273428428855	1.3762434327648738	Missense																	
OR8D4	1.2552725051033053	1.3384189532223072	1.677273428428855	1.3762434327648738	Missense																	
OTUD6B	1.2552725051033053	1.3384189532223072	1.677273428428855	1.3762434327648738	Missense																	
P2RX2	1.2552725051033053	1.3384189532223072	1.677273428428855	1.3762434327648738	Missense																	
PACRG	1.2552725051033053	1.3384189532223072	1.677273428428855	1.3762434327648738	Missense																	
PAICS	1.2552725051033053	1.3384189532223072	1.677273428428855	1.3762434327648738	Frameshift indel																	
PARP9	1.2552725051033053	1.3384189532223072	1.677273428428855	1.3762434327648738	Missense																	
PCNX2	1.2552725051033053	1.3384189532223072	1.677273428428855	1.3762434327648738	Missense																	
PDIA3	1.2552725051033053	1.3384189532223072	1.677273428428855	1.3762434327648738	Missense																	
PDPN	1.2552725051033053	1.3384189532223072	1.677273428428855	1.3762434327648738	Missense																	
PGM1	1.2552725051033053	1.3384189532223072	1.677273428428855	1.3762434327648738	Missense																	
PHACTR3	1.2552725051033053	1.3384189532223072	1.677273428428855	1.3762434327648738	Missense,Missense																	
PHAX	1.2552725051033053	1.3384189532223072	1.677273428428855	1.3762434327648738	Missense																	
PIBF1	1.2552725051033053	1.3384189532223072	1.677273428428855	1.3762434327648738	Missense																	
PIEZO1	1.2552725051033053	1.3384189532223072	1.677273428428855	1.3762434327648738	Missense																	
POFUT2	1.2552725051033053	1.3384189532223072	1.677273428428855	1.3762434327648738	Missense																	
POLR1B	1.2552725051033053	1.3384189532223072	1.677273428428855	1.3762434327648738	Missense																	
PRKD2	1.2552725051033053	1.3384189532223072	1.677273428428855	1.3762434327648738	Missense																	
PSMB5	1.2552725051033053	1.3384189532223072	1.677273428428855	1.3762434327648738	Missense																	
PTPRE	1.2552725051033053	1.3384189532223072	1.677273428428855	1.3762434327648738	Missense																	
PUM2	1.2552725051033053	1.3384189532223072	1.677273428428855	1.3762434327648738	Missense																	
PUS7	1.2552725051033053	1.3384189532223072	1.677273428428855	1.3762434327648738	Missense																	
PXMP2	1.2552725051033053	1.3384189532223072	1.677273428428855	1.3762434327648738	Missense																	
RABEPK	1.2552725051033053	1.3384189532223072	1.677273428428855	1.3762434327648738	Missense																	
RASA1	1.2552725051033053	1.3384189532223072	1.677273428428855	1.3762434327648738	Nonsense																	
RASSF8	1.2552725051033053	1.3384189532223072	1.677273428428855	1.3762434327648738	Missense																	
RBP3	1.2552725051033053	1.3384189532223072	1.677273428428855	1.3762434327648738	Frameshift indel																	
REV3L	1.2552725051033053	1.3384189532223072	1.677273428428855	1.3762434327648738	Missense																	
RGMB	1.2552725051033053	1.3384189532223072	1.677273428428855	1.3762434327648738	Missense																	
RGPD3	1.2552725051033053	1.3384189532223072	1.677273428428855	1.3762434327648738	Splice site																	
RGS14	1.2552725051033053	1.3384189532223072	1.677273428428855	1.3762434327648738	Missense																	
RGS6	1.2552725051033053	1.3384189532223072	1.677273428428855	1.3762434327648738	Missense																	
RPS6KA3	1.2552725051033053	1.3384189532223072	1.677273428428855	1.3762434327648738	Nonsense																	
RPS7	1.2552725051033053	1.3384189532223072	1.677273428428855	1.3762434327648738	Missense																	
RSBN1L	1.2552725051033053	1.3384189532223072	1.677273428428855	1.3762434327648738	Missense																	
RTF2	1.2552725051033053	1.3384189532223072	1.677273428428855	1.3762434327648738	Missense																	
SCN1A	1.2552725051033053	1.3384189532223072	1.677273428428855	1.3762434327648738	Missense																	
SEMA3D	1.2552725051033053	1.3384189532223072	1.677273428428855	1.3762434327648738	Missense,Missense																	
SEMA4D	1.2552725051033053	1.3384189532223072	1.677273428428855	1.3762434327648738	Splice site																	
SEPHS1	1.2552725051033053	1.3384189532223072	1.677273428428855	1.3762434327648738	Missense																	
SERTAD4	1.2552725051033053	1.3384189532223072	1.677273428428855	1.3762434327648738	Missense																	
SGCG	1.2552725051033053	1.3384189532223072	1.677273428428855	1.3762434327648738	Missense																	
SHROOM3	1.2552725051033053	1.3384189532223072	1.677273428428855	1.3762434327648738	Nonsense																	
SIAH2	1.2552725051033053	1.3384189532223072	1.677273428428855	1.3762434327648738	Missense																	
SIX5	1.2552725051033053	1.3384189532223072	1.677273428428855	1.3762434327648738	Missense																	
SKP2	1.2552725051033053	1.3384189532223072	1.677273428428855	1.3762434327648738	Missense																	
SLC25A16	1.2552725051033053	1.3384189532223072	1.677273428428855	1.3762434327648738	Nonsense																	
SLC25A41	1.2552725051033053	1.3384189532223072	1.677273428428855	1.3762434327648738	Missense																	
SLC7A4	1.2552725051033053	1.3384189532223072	1.677273428428855	1.3762434327648738	Missense																	
SLF2	1.2552725051033053	1.3384189532223072	1.677273428428855	1.3762434327648738	Missense																	
SMAD5	1.2552725051033053	1.3384189532223072	1.677273428428855	1.3762434327648738	Missense																	
SMUG1	1.2552725051033053	1.3384189532223072	1.677273428428855	1.3762434327648738	Missense																	
SNAP47	1.2552725051033053	1.3384189532223072	1.677273428428855	1.3762434327648738	Missense																	
SNX2	1.2552725051033053	1.3384189532223072	1.677273428428855	1.3762434327648738	Missense																	
SOS1	1.2552725051033053	1.3384189532223072	1.677273428428855	1.3762434327648738	Missense																	
SPATA21	1.2552725051033053	1.3384189532223072	1.677273428428855	1.3762434327648738	Missense																	
SPATA2L	1.2552725051033053	1.3384189532223072	1.677273428428855	1.3762434327648738	Missense																	
SPDYE5	1.2552725051033053	1.3384189532223072	1.677273428428855	1.3762434327648738	Missense																	
SPSB3	1.2552725051033053	1.3384189532223072	1.677273428428855	1.3762434327648738	Missense																	
SSU72	1.2552725051033053	1.3384189532223072	1.677273428428855	1.3762434327648738	Missense																	
STK24	1.2552725051033053	1.3384189532223072	1.677273428428855	1.3762434327648738	Missense																	
STRAP	1.2552725051033053	1.3384189532223072	1.677273428428855	1.3762434327648738	Splice site																	
SUSD6	1.2552725051033053	1.3384189532223072	1.677273428428855	1.3762434327648738	Missense																	
SVOPL	1.2552725051033053	1.3384189532223072	1.677273428428855	1.3762434327648738	Missense																	
TAFA1	1.2552725051033053	1.3384189532223072	1.677273428428855	1.3762434327648738	Missense																	
TBC1D4	1.2552725051033053	1.3384189532223072	1.677273428428855	1.3762434327648738	Missense																	
TEX2	1.2552725051033053	1.3384189532223072	1.677273428428855	1.3762434327648738	Missense																	
TGFBR2	1.2552725051033053	1.3384189532223072	1.677273428428855	1.3762434327648738	In frame indel																	
TIMM8B	1.2552725051033053	1.3384189532223072	1.677273428428855	1.3762434327648738	Missense																	
TM2D3	1.2552725051033053	1.3384189532223072	1.677273428428855	1.3762434327648738	Missense																	
TMBIM6	1.2552725051033053	1.3384189532223072	1.677273428428855	1.3762434327648738	Missense																	
TMCO4	1.2552725051033053	1.3384189532223072	1.677273428428855	1.3762434327648738	Missense																	
TMEM176B	1.2552725051033053	1.3384189532223072	1.677273428428855	1.3762434327648738	Missense																	
TMEM202	1.2552725051033053	1.3384189532223072	1.677273428428855	1.3762434327648738	Missense																	
TMEM35A	1.2552725051033053	1.3384189532223072	1.677273428428855	1.3762434327648738	Missense																	
TPBG	1.2552725051033053	1.3384189532223072	1.677273428428855	1.3762434327648738	Missense																	
TRIM13	1.2552725051033053	1.3384189532223072	1.677273428428855	1.3762434327648738	Missense																	
TRIM14	1.2552725051033053	1.3384189532223072	1.677273428428855	1.3762434327648738	Missense																	
TRIM37	1.2552725051033053	1.3384189532223072	1.677273428428855	1.3762434327648738	Missense																	
TRMT10B	1.2552725051033053	1.3384189532223072	1.677273428428855	1.3762434327648738	Missense																	
TTC23	1.2552725051033053	1.3384189532223072	1.677273428428855	1.3762434327648738	Missense																	
TUFM	1.2552725051033053	1.3384189532223072	1.677273428428855	1.3762434327648738	Frameshift indel																	
UGGT1	1.2552725051033053	1.3384189532223072	1.677273428428855	1.3762434327648738	Missense																	
UNC5CL	1.2552725051033053	1.3384189532223072	1.677273428428855	1.3762434327648738	Missense																	
USP43	1.2552725051033053	1.3384189532223072	1.677273428428855	1.3762434327648738	Missense																	
VIP	1.2552725051033053	1.3384189532223072	1.677273428428855	1.3762434327648738	Missense																	
VIRMA	1.2552725051033053	1.3384189532223072	1.677273428428855	1.3762434327648738	Missense																	
VKORC1L1	1.2552725051033053	1.3384189532223072	1.677273428428855	1.3762434327648738	Missense																	
VPS26B	1.2552725051033053	1.3384189532223072	1.677273428428855	1.3762434327648738	Missense																	
WDR3	1.2552725051033053	1.3384189532223072	1.677273428428855	1.3762434327648738	Missense																	
WWC3	1.2552725051033053	1.3384189532223072	1.677273428428855	1.3762434327648738	Missense																	
YY1	1.2552725051033053	1.3384189532223072	1.677273428428855	1.3762434327648738	Missense																	
ZBTB3	1.2552725051033053	1.3384189532223072	1.677273428428855	1.3762434327648738	Frameshift indel																	
ZC3H14	1.2552725051033053	1.3384189532223072	1.677273428428855	1.3762434327648738	Missense																	
ZFAND4	1.2552725051033053	1.3384189532223072	1.677273428428855	1.3762434327648738	Missense																	
ZNF124	1.2552725051033053	1.3384189532223072	1.677273428428855	1.3762434327648738	Missense																	
ZNF143	1.2552725051033053	1.3384189532223072	1.677273428428855	1.3762434327648738	Missense																	
ZNF175	1.2552725051033053	1.3384189532223072	1.677273428428855	1.3762434327648738	Missense																	
ZNF181	1.2552725051033053	1.3384189532223072	1.677273428428855	1.3762434327648738	Missense																	
ZNF24	1.2552725051033053	1.3384189532223072	1.677273428428855	1.3762434327648738	Missense																	
ZNF276	1.2552725051033053	1.3384189532223072	1.677273428428855	1.3762434327648738	Missense																	
ZNF331	1.2552725051033053	1.3384189532223072	1.677273428428855	1.3762434327648738	Missense																	
ZNF33A	1.2552725051033053	1.3384189532223072	1.677273428428855	1.3762434327648738	Missense																	
ZNF420	1.2552725051033053	1.3384189532223072	1.677273428428855	1.3762434327648738	Missense																	
ZNF426	1.2552725051033053	1.3384189532223072	1.677273428428855	1.3762434327648738	Missense																	
ZNF706	1.2552725051033053	1.3384189532223072	1.677273428428855	1.3762434327648738	Missense																	
ZNF792	1.2552725051033053	1.3384189532223072	1.677273428428855	1.3762434327648738	Nonsense																	
ZNF841	1.2552725051033053	1.3384189532223072	1.677273428428855	1.3762434327648738	Missense																	
ABCA10	0.954242509439325	0.6927022445503642	1.35046470326932	1.0391102876760947	Splice site				Missense													
ABCC5	0.954242509439325	0.6927022445503642	1.35046470326932	1.0391102876760947	Missense	Missense																
ACAA1	0.954242509439325	0.6927022445503642	1.35046470326932	1.0391102876760947	Missense												Missense					
ACP3	0.954242509439325	0.6927022445503642	1.35046470326932	1.0391102876760947	Missense												Splice site					
ACSL5	0.954242509439325	0.6927022445503642	1.35046470326932	1.0391102876760947	Missense				Splice site													
ADAM30	0.954242509439325	0.6927022445503642	1.35046470326932	1.0391102876760947	Nonsense		Missense															
ADAMTS15	0.954242509439325	0.6927022445503642	1.35046470326932	1.0391102876760947	Missense										Missense							
ADGRA1	0.954242509439325	0.6927022445503642	1.35046470326932	1.0391102876760947	Frameshift indel,Missense				Missense													
AGPAT2	0.954242509439325	0.6927022445503642	1.35046470326932	1.0391102876760947	Missense						Missense											
ALDOB	0.954242509439325	0.6927022445503642	1.35046470326932	1.0391102876760947	Missense																	Missense
AMHR2	0.954242509439325	0.6927022445503642	1.35046470326932	1.0391102876760947	Missense	Missense																
ANKIB1	0.954242509439325	0.6927022445503642	1.35046470326932	1.0391102876760947	Missense,Splice site																	Missense
ANXA4	0.954242509439325	0.6927022445503642	1.35046470326932	1.0391102876760947	Splice site			Missense														
AP2M1	0.954242509439325	0.6927022445503642	1.35046470326932	1.0391102876760947	Missense								Missense									
ARHGAP32	0.954242509439325	0.6927022445503642	1.35046470326932	1.0391102876760947	Missense	Missense																
ARMCX2	0.954242509439325	0.6927022445503642	1.35046470326932	1.0391102876760947	Missense						Missense											
ASB16	0.954242509439325	0.6927022445503642	1.35046470326932	1.0391102876760947	Missense				Missense													
ASCC3	0.954242509439325	0.6927022445503642	1.35046470326932	1.0391102876760947	Missense		Missense															
ASPG	0.954242509439325	0.6927022445503642	1.35046470326932	1.0391102876760947	Missense														Missense			
ATG2A	0.954242509439325	0.6927022445503642	1.35046470326932	1.0391102876760947	Missense	Missense,Missense,Missense																
ATR	0.954242509439325	0.6927022445503642	1.35046470326932	1.0391102876760947	Missense										Missense							
AURKA	0.954242509439325	0.6927022445503642	1.35046470326932	1.0391102876760947	Missense				Frameshift indel													
BTRC	0.954242509439325	0.6927022445503642	1.35046470326932	1.0391102876760947	Missense				Missense													
C21orf58	0.954242509439325	0.6927022445503642	1.35046470326932	1.0391102876760947	Missense				Missense													
C22orf42	0.954242509439325	0.6927022445503642	1.35046470326932	1.0391102876760947	Missense	In frame indel																
CACNA1G	0.954242509439325	0.6927022445503642	1.35046470326932	1.0391102876760947	Missense	Missense,Missense,Missense																
CCDC185	0.954242509439325	0.6927022445503642	1.35046470326932	1.0391102876760947	Missense							In frame indel										
CCDC191	0.954242509439325	0.6927022445503642	1.35046470326932	1.0391102876760947	Missense												Missense					
CDH3	0.954242509439325	0.6927022445503642	1.35046470326932	1.0391102876760947	Missense					Missense												
CDH5	0.954242509439325	0.6927022445503642	1.35046470326932	1.0391102876760947	Missense																Missense	
CDK16	0.954242509439325	0.6927022445503642	1.35046470326932	1.0391102876760947	Missense	Missense																
CELSR3	0.954242509439325	0.6927022445503642	1.35046470326932	1.0391102876760947	Missense	Splice site																
CFAP61	0.954242509439325	0.6927022445503642	1.35046470326932	1.0391102876760947	Nonsense					Missense												
CHEK2	0.954242509439325	0.6927022445503642	1.35046470326932	1.0391102876760947	Missense	Missense																
CKAP5	0.954242509439325	0.6927022445503642	1.35046470326932	1.0391102876760947	Missense,Missense						Missense											
CNDP1	0.954242509439325	0.6927022445503642	1.35046470326932	1.0391102876760947	Missense				Splice site													
COL14A1	0.954242509439325	0.6927022445503642	1.35046470326932	1.0391102876760947	Frameshift indel											Missense						
COL18A1	0.954242509439325	0.6927022445503642	1.35046470326932	1.0391102876760947	Frameshift indel	Missense,Missense																
COL4A3	0.954242509439325	0.6927022445503642	1.35046470326932	1.0391102876760947	In frame indel						In frame indel											
COL4A6	0.954242509439325	0.6927022445503642	1.35046470326932	1.0391102876760947	Missense						Missense											
CPT1A	0.954242509439325	0.6927022445503642	1.35046470326932	1.0391102876760947	Missense	Missense,Missense																
CTSS	0.954242509439325	0.6927022445503642	1.35046470326932	1.0391102876760947	Missense				Frameshift indel													
DAB2IP	0.954242509439325	0.6927022445503642	1.35046470326932	1.0391102876760947	Missense		Missense															
DCHS2	0.954242509439325	0.6927022445503642	1.35046470326932	1.0391102876760947	Missense,Missense	Missense																
DCLK3	0.954242509439325	0.6927022445503642	1.35046470326932	1.0391102876760947	Missense									Missense								
DCLRE1A	0.954242509439325	0.6927022445503642	1.35046470326932	1.0391102876760947	Missense										Missense							
DENND2A	0.954242509439325	0.6927022445503642	1.35046470326932	1.0391102876760947	Missense													Missense				
DGKH	0.954242509439325	0.6927022445503642	1.35046470326932	1.0391102876760947	Missense			Missense														
DIMT1	0.954242509439325	0.6927022445503642	1.35046470326932	1.0391102876760947	Missense	Missense																
DIS3	0.954242509439325	0.6927022445503642	1.35046470326932	1.0391102876760947	Splice site														Missense			
DLG2	0.954242509439325	0.6927022445503642	1.35046470326932	1.0391102876760947	Missense	Missense																
DMXL1	0.954242509439325	0.6927022445503642	1.35046470326932	1.0391102876760947	Missense						Missense											
DOP1A	0.954242509439325	0.6927022445503642	1.35046470326932	1.0391102876760947	Missense									Missense								
DUS1L	0.954242509439325	0.6927022445503642	1.35046470326932	1.0391102876760947	Missense	Splice site																
DUSP11	0.954242509439325	0.6927022445503642	1.35046470326932	1.0391102876760947	Missense					Missense												
DUXA	0.954242509439325	0.6927022445503642	1.35046470326932	1.0391102876760947	Missense	Missense																
DYNC1I1	0.954242509439325	0.6927022445503642	1.35046470326932	1.0391102876760947	Missense										Missense							
EDC4	0.954242509439325	0.6927022445503642	1.35046470326932	1.0391102876760947	Splice site				Missense													
EMC10	0.954242509439325	0.6927022445503642	1.35046470326932	1.0391102876760947	Missense	Missense																
EMILIN1	0.954242509439325	0.6927022445503642	1.35046470326932	1.0391102876760947	Missense													Nonsense				
ENG	0.954242509439325	0.6927022445503642	1.35046470326932	1.0391102876760947	Missense	Nonsense																
ENOX1	0.954242509439325	0.6927022445503642	1.35046470326932	1.0391102876760947	Missense	Missense																
ENPP2	0.954242509439325	0.6927022445503642	1.35046470326932	1.0391102876760947	Missense										Missense							
EPHA5	0.954242509439325	0.6927022445503642	1.35046470326932	1.0391102876760947	Missense										Missense							
ESPN	0.954242509439325	0.6927022445503642	1.35046470326932	1.0391102876760947	Missense			Missense														
EXD3	0.954242509439325	0.6927022445503642	1.35046470326932	1.0391102876760947	Missense		Missense															
FAM120A	0.954242509439325	0.6927022445503642	1.35046470326932	1.0391102876760947	Missense	Missense																
FAM135A	0.954242509439325	0.6927022445503642	1.35046470326932	1.0391102876760947	Missense					Nonsense												
FAM205C	0.954242509439325	0.6927022445503642	1.35046470326932	1.0391102876760947	Nonsense				Nonsense													
FSTL5	0.954242509439325	0.6927022445503642	1.35046470326932	1.0391102876760947	Missense											Missense						
FZD3	0.954242509439325	0.6927022445503642	1.35046470326932	1.0391102876760947	Missense												Missense					
GDAP2	0.954242509439325	0.6927022445503642	1.35046470326932	1.0391102876760947	Missense																Frameshift indel	
GFRA3	0.954242509439325	0.6927022445503642	1.35046470326932	1.0391102876760947	Missense	Missense																
GGT5	0.954242509439325	0.6927022445503642	1.35046470326932	1.0391102876760947	Missense																	Missense,Missense
GLOD4	0.954242509439325	0.6927022445503642	1.35046470326932	1.0391102876760947	Frameshift indel	Nonsense																
GOLGA1	0.954242509439325	0.6927022445503642	1.35046470326932	1.0391102876760947	Missense												Splice site					
GRID1	0.954242509439325	0.6927022445503642	1.35046470326932	1.0391102876760947	Missense	Missense																
GRINA	0.954242509439325	0.6927022445503642	1.35046470326932	1.0391102876760947	Missense	Missense																
GSAP	0.954242509439325	0.6927022445503642	1.35046470326932	1.0391102876760947	Missense		Splice site															
GTPBP2	0.954242509439325	0.6927022445503642	1.35046470326932	1.0391102876760947	Missense	Nonsense																
HGF	0.954242509439325	0.6927022445503642	1.35046470326932	1.0391102876760947	Missense											Splice site						
HSF5	0.954242509439325	0.6927022445503642	1.35046470326932	1.0391102876760947	Missense							Missense										
HTR3E	0.954242509439325	0.6927022445503642	1.35046470326932	1.0391102876760947	Missense		Missense															
INTS2	0.954242509439325	0.6927022445503642	1.35046470326932	1.0391102876760947	Missense							Missense										
INTS6L	0.954242509439325	0.6927022445503642	1.35046470326932	1.0391102876760947	Missense				Missense													
INTU	0.954242509439325	0.6927022445503642	1.35046470326932	1.0391102876760947	Frameshift indel												Nonsense					
KANSL3	0.954242509439325	0.6927022445503642	1.35046470326932	1.0391102876760947	Missense																Missense	
KCNK10	0.954242509439325	0.6927022445503642	1.35046470326932	1.0391102876760947	Missense										Missense							
KDM5B	0.954242509439325	0.6927022445503642	1.35046470326932	1.0391102876760947	Missense										Missense							
KIF13A	0.954242509439325	0.6927022445503642	1.35046470326932	1.0391102876760947	Missense		Missense															
KIF15	0.954242509439325	0.6927022445503642	1.35046470326932	1.0391102876760947	Missense					Missense												
KIF27	0.954242509439325	0.6927022445503642	1.35046470326932	1.0391102876760947	Frameshift indel,Missense	Missense,Missense																
KLHL8	0.954242509439325	0.6927022445503642	1.35046470326932	1.0391102876760947	Missense									Missense								
L3MBTL4	0.954242509439325	0.6927022445503642	1.35046470326932	1.0391102876760947	Missense					Missense												
LAMA1	0.954242509439325	0.6927022445503642	1.35046470326932	1.0391102876760947	Missense			Missense														
LARP6	0.954242509439325	0.6927022445503642	1.35046470326932	1.0391102876760947	Missense							Missense										
LCN1	0.954242509439325	0.6927022445503642	1.35046470326932	1.0391102876760947	Missense																Missense	
LLGL1	0.954242509439325	0.6927022445503642	1.35046470326932	1.0391102876760947	Missense			Missense														
LUC7L3	0.954242509439325	0.6927022445503642	1.35046470326932	1.0391102876760947	Missense				Missense													
LYZL4	0.954242509439325	0.6927022445503642	1.35046470326932	1.0391102876760947	Missense					Frameshift indel,Frameshift indel												
M1AP	0.954242509439325	0.6927022445503642	1.35046470326932	1.0391102876760947	Missense	Missense																
MAD2L2	0.954242509439325	0.6927022445503642	1.35046470326932	1.0391102876760947	Missense	Missense																
MPRIP	0.954242509439325	0.6927022445503642	1.35046470326932	1.0391102876760947	Missense									Missense								
MSR1	0.954242509439325	0.6927022445503642	1.35046470326932	1.0391102876760947	Missense										Missense							
MTIF3	0.954242509439325	0.6927022445503642	1.35046470326932	1.0391102876760947	Missense					Missense,Nonsense												
MTMR7	0.954242509439325	0.6927022445503642	1.35046470326932	1.0391102876760947	Missense							Nonsense										
MTUS1	0.954242509439325	0.6927022445503642	1.35046470326932	1.0391102876760947	Missense				Missense													
MYBPC3	0.954242509439325	0.6927022445503642	1.35046470326932	1.0391102876760947	Missense			Missense														
MYO7A	0.954242509439325	0.6927022445503642	1.35046470326932	1.0391102876760947	Missense,Missense				In frame indel													
MYRF	0.954242509439325	0.6927022445503642	1.35046470326932	1.0391102876760947	Missense																	Frameshift indel
NCKAP5L	0.954242509439325	0.6927022445503642	1.35046470326932	1.0391102876760947	Missense				In frame indel,Missense													
NLGN2	0.954242509439325	0.6927022445503642	1.35046470326932	1.0391102876760947	Missense	Missense																
NLRP13	0.954242509439325	0.6927022445503642	1.35046470326932	1.0391102876760947	Missense		Missense															
NLRP8	0.954242509439325	0.6927022445503642	1.35046470326932	1.0391102876760947	Nonsense			Missense														
OBSCN	0.954242509439325	0.6927022445503642	1.35046470326932	1.0391102876760947	Nonsense	Missense																
OGT	0.954242509439325	0.6927022445503642	1.35046470326932	1.0391102876760947	Missense		Missense															
OR13H1	0.954242509439325	0.6927022445503642	1.35046470326932	1.0391102876760947	Missense															Missense		
OR4N2	0.954242509439325	0.6927022445503642	1.35046470326932	1.0391102876760947	Missense								In frame indel									
OR6B2	0.954242509439325	0.6927022445503642	1.35046470326932	1.0391102876760947	Frameshift indel										Missense							
OVCH2	0.954242509439325	0.6927022445503642	1.35046470326932	1.0391102876760947	Missense				Missense													
PAN2	0.954242509439325	0.6927022445503642	1.35046470326932	1.0391102876760947	Missense			Frameshift indel														
PARG	0.954242509439325	0.6927022445503642	1.35046470326932	1.0391102876760947	Missense						Missense											
PCDH9	0.954242509439325	0.6927022445503642	1.35046470326932	1.0391102876760947	Missense																	Missense
POGZ	0.954242509439325	0.6927022445503642	1.35046470326932	1.0391102876760947	Missense	Missense																
POLA1	0.954242509439325	0.6927022445503642	1.35046470326932	1.0391102876760947	Missense											Missense						
POR	0.954242509439325	0.6927022445503642	1.35046470326932	1.0391102876760947	Missense	Missense																
PRDM2	0.954242509439325	0.6927022445503642	1.35046470326932	1.0391102876760947	Missense	Missense																
PREX1	0.954242509439325	0.6927022445503642	1.35046470326932	1.0391102876760947	Frameshift indel	Missense																
PRKAA2	0.954242509439325	0.6927022445503642	1.35046470326932	1.0391102876760947	Missense																	Missense
PRLR	0.954242509439325	0.6927022445503642	1.35046470326932	1.0391102876760947	Missense		Missense															
PRR5-ARHGAP8	0.954242509439325	0.6927022445503642	1.35046470326932	1.0391102876760947	Missense							Missense										
R3HDM1	0.954242509439325	0.6927022445503642	1.35046470326932	1.0391102876760947	Missense					Missense												
RAB29	0.954242509439325	0.6927022445503642	1.35046470326932	1.0391102876760947	Missense				Missense													
RABGGTB	0.954242509439325	0.6927022445503642	1.35046470326932	1.0391102876760947	Missense				Missense													
RALGDS	0.954242509439325	0.6927022445503642	1.35046470326932	1.0391102876760947	Missense	Missense																
RBM4	0.954242509439325	0.6927022445503642	1.35046470326932	1.0391102876760947	Missense												Missense					
RBM5	0.954242509439325	0.6927022445503642	1.35046470326932	1.0391102876760947	Missense	Missense,Missense																
RFC3	0.954242509439325	0.6927022445503642	1.35046470326932	1.0391102876760947	Missense							Missense										
RHOBTB2	0.954242509439325	0.6927022445503642	1.35046470326932	1.0391102876760947	Missense	Missense																
RNF214	0.954242509439325	0.6927022445503642	1.35046470326932	1.0391102876760947	Missense			Missense														
ROS1	0.954242509439325	0.6927022445503642	1.35046470326932	1.0391102876760947	Missense	Nonsense																
RPGR	0.954242509439325	0.6927022445503642	1.35046470326932	1.0391102876760947	Missense				Missense													
SCARF2	0.954242509439325	0.6927022445503642	1.35046470326932	1.0391102876760947	Splice site											Missense						
SDR9C7	0.954242509439325	0.6927022445503642	1.35046470326932	1.0391102876760947	Splice site	Missense																
SEMA4G	0.954242509439325	0.6927022445503642	1.35046470326932	1.0391102876760947	Missense				Nonsense,TSS													
SEMA5B	0.954242509439325	0.6927022445503642	1.35046470326932	1.0391102876760947	Missense	Missense,Missense																
SEPTIN10	0.954242509439325	0.6927022445503642	1.35046470326932	1.0391102876760947	Nonsense																	Missense
SLC15A2	0.954242509439325	0.6927022445503642	1.35046470326932	1.0391102876760947	Missense							Missense										
SLC1A4	0.954242509439325	0.6927022445503642	1.35046470326932	1.0391102876760947	Nonsense	Missense																
SLC22A25	0.954242509439325	0.6927022445503642	1.35046470326932	1.0391102876760947	Nonsense										Nonsense							
SLC39A13	0.954242509439325	0.6927022445503642	1.35046470326932	1.0391102876760947	Missense				Missense													
SLC6A18	0.954242509439325	0.6927022445503642	1.35046470326932	1.0391102876760947	Missense		Missense															
SMCHD1	0.954242509439325	0.6927022445503642	1.35046470326932	1.0391102876760947	Missense,Nonsense							Missense										
SMG5	0.954242509439325	0.6927022445503642	1.35046470326932	1.0391102876760947	Missense	Missense,Missense																
SMO	0.954242509439325	0.6927022445503642	1.35046470326932	1.0391102876760947	Missense												Missense					
SMURF1	0.954242509439325	0.6927022445503642	1.35046470326932	1.0391102876760947	Missense	Missense																
SNRK	0.954242509439325	0.6927022445503642	1.35046470326932	1.0391102876760947	Missense						Missense											
SPATA16	0.954242509439325	0.6927022445503642	1.35046470326932	1.0391102876760947	Missense								Frameshift indel									
SPEG	0.954242509439325	0.6927022445503642	1.35046470326932	1.0391102876760947	Missense			Missense														
SPINK5	0.954242509439325	0.6927022445503642	1.35046470326932	1.0391102876760947	Nonsense																	Missense
SREBF2	0.954242509439325	0.6927022445503642	1.35046470326932	1.0391102876760947	Missense	Missense																
SRPK1	0.954242509439325	0.6927022445503642	1.35046470326932	1.0391102876760947	Missense								Missense									
SRPX2	0.954242509439325	0.6927022445503642	1.35046470326932	1.0391102876760947	Missense				Missense													
SYNPO2	0.954242509439325	0.6927022445503642	1.35046470326932	1.0391102876760947	Missense																Missense	
SYTL2	0.954242509439325	0.6927022445503642	1.35046470326932	1.0391102876760947	Missense	Frameshift indel																
TBC1D32	0.954242509439325	0.6927022445503642	1.35046470326932	1.0391102876760947	Missense			Frameshift indel														
TICRR	0.954242509439325	0.6927022445503642	1.35046470326932	1.0391102876760947	In frame indel,Missense									Nonsense								
TMC1	0.954242509439325	0.6927022445503642	1.35046470326932	1.0391102876760947	Missense									Missense								
TOPORS	0.954242509439325	0.6927022445503642	1.35046470326932	1.0391102876760947	Nonsense						Missense											
TPCN1	0.954242509439325	0.6927022445503642	1.35046470326932	1.0391102876760947	Missense	Missense,Missense																
TRPM3	0.954242509439325	0.6927022445503642	1.35046470326932	1.0391102876760947	Splice site		Missense															
TRPV4	0.954242509439325	0.6927022445503642	1.35046470326932	1.0391102876760947	Missense		Missense															
TSC22D3	0.954242509439325	0.6927022445503642	1.35046470326932	1.0391102876760947	Missense					Missense												
TSPAN12	0.954242509439325	0.6927022445503642	1.35046470326932	1.0391102876760947	Missense																Missense	
TTC12	0.954242509439325	0.6927022445503642	1.35046470326932	1.0391102876760947	Missense	Missense,Nonsense																
TTC23L	0.954242509439325	0.6927022445503642	1.35046470326932	1.0391102876760947	Missense				Missense													
TTC8	0.954242509439325	0.6927022445503642	1.35046470326932	1.0391102876760947	Missense			Missense														
TTLL5	0.954242509439325	0.6927022445503642	1.35046470326932	1.0391102876760947	Missense									Missense								
TTLL6	0.954242509439325	0.6927022445503642	1.35046470326932	1.0391102876760947	Missense	Missense																
TUBB1	0.954242509439325	0.6927022445503642	1.35046470326932	1.0391102876760947	Missense			Missense														
TWNK	0.954242509439325	0.6927022445503642	1.35046470326932	1.0391102876760947	Missense		Missense															
USP20	0.954242509439325	0.6927022445503642	1.35046470326932	1.0391102876760947	Splice site			Missense														
VEPH1	0.954242509439325	0.6927022445503642	1.35046470326932	1.0391102876760947	Missense			Missense														
WDR33	0.954242509439325	0.6927022445503642	1.35046470326932	1.0391102876760947	Missense									Missense								
WDR44	0.954242509439325	0.6927022445503642	1.35046470326932	1.0391102876760947	Missense				Missense													
ZBTB4	0.954242509439325	0.6927022445503642	1.35046470326932	1.0391102876760947	Missense	Missense																
ZCCHC18	0.954242509439325	0.6927022445503642	1.35046470326932	1.0391102876760947	Missense																	In frame indel
ZER1	0.954242509439325	0.6927022445503642	1.35046470326932	1.0391102876760947	Missense	Missense																
ZFYVE26	0.954242509439325	0.6927022445503642	1.35046470326932	1.0391102876760947	Missense									Missense								
ZNF197	0.954242509439325	0.6927022445503642	1.35046470326932	1.0391102876760947	Missense				Missense													
ZNF490	0.954242509439325	0.6927022445503642	1.35046470326932	1.0391102876760947	Missense																	Missense
ZNF521	0.954242509439325	0.6927022445503642	1.35046470326932	1.0391102876760947	Missense										Missense							
ZNF79	0.954242509439325	0.6927022445503642	1.35046470326932	1.0391102876760947	Missense				In frame indel													
ZNF845	0.954242509439325	0.6927022445503642	1.35046470326932	1.0391102876760947	Missense	In frame indel																
